state,designated_area,count
AK,Alaska Gateway Regional Educational Attendance Area,5
AK,Aleutian Region Regional Educational Attendance Area,2
AK,Aleutians East (Borough),2
AK,Aleutians West (Census Area),1
AK,Anchorage (Borough),5
AK,Annette Island Regional Educational Attendance Area,2
AK,Bering Strait Regional Educational Attendance Area,6
AK,Bethel (Census Area),1
AK,Bristol Bay (Borough),2
AK,Chatham Regional Educational Attendance Area,2
AK,Chignik Lagoon (ANV/ANVSA),1
AK,Chignik Lake (ANV/ANVSA),1
AK,Chugach Regional Educational Attendance Area,5
AK,Copper River Regional Educational Attendance Area,4
AK,Crooked Creek (ANV/ANVSA),2
AK,Delta-Greely Regional Educational Attendance Area,1
AK,Denali (Borough),6
AK,Dillingham (Census Area),1
AK,Dot Lake (ANV/ANVSA),1
AK,Fairbanks North Star (Borough),9
AK,Haines (Borough),2
AK,Iditarod Area Regional Educational Attendance Area,2
AK,Juneau (Borough),1
AK,Kashunamiut Regional Educational Attendance Area,4
AK,Kenai Peninsula (Borough),14
AK,Ketchikan Gateway (Borough),2
AK,Kodiak Island (Borough),3
AK,Kuspuk Regional Educational Attendance Area,4
AK,Lake and Peninsula (Borough),2
AK,Lime Village (ANV/ANVSA),1
AK,Lower Kuskokwim Regional Educational Attendance Area,8
AK,Lower Yukon Regional Educational Attendance Area,8
AK,Matanuska-Susitna (Borough),14
AK,North Slope (Borough),7
AK,Northway (ANV/ANVSA),1
AK,Northwest Arctic (Borough),4
AK,Petersburg (Borough),2
AK,Pribilof Island Regional Educational Attendance Area,3
AK,Red Devil (ANV/ANVSA),2
AK,Sitka (Borough),2
AK,Skagway (Municipality),1
AK,Sleetmute (ANV/ANVSA),1
AK,Southeast Fairbanks (Census Area),1
AK,Southeast Islands Regional Educational Attendance Ar,2
AK,Southwest Region Regional Educational Attendance Are,3
AK,Tanacross (ANV/ANVSA),1
AK,Tetlin (ANV/ANVSA),1
AK,Tok (ANV/ANVSA),2
AK,Valdez-Cordova (Census Area),1
AK,Wade Hampton (Census Area),1
AK,Wrangell (City and Borough),2
AK,Yakutat (Borough),2
AK,Yukon Flats Regional Educational Attendance Area,5
AK,Yukon Koyukuk Regional Educational Attendance Area,7
AK,Yukon-Koyukuk (Census Area),2
AK,Yupiit Regional Educational Attendance Area,3
AL,Autauga (County),15
AL,Baldwin (County),24
AL,Barbour (County),18
AL,Bibb (County),14
AL,Blount (County),18
AL,Bullock (County),17
AL,Butler (County),19
AL,Calhoun (County),13
AL,Chambers (County),13
AL,Cherokee (County),16
AL,Chilton (County),14
AL,Choctaw (County),16
AL,Clarke (County),18
AL,Clay (County),13
AL,Cleburne (County),13
AL,Coffee (County),18
AL,Colbert (County),14
AL,Conecuh (County),15
AL,Coosa (County),13
AL,Covington (County),20
AL,Crenshaw (County),19
AL,Cullman (County),17
AL,Dale (County),22
AL,Dallas (County),16
AL,DeKalb (County),19
AL,Elmore (County),14
AL,Escambia (County),16
AL,Etowah (County),17
AL,Fayette (County),14
AL,Franklin (County),13
AL,Geneva (County),20
AL,Greene (County),15
AL,Hale (County),13
AL,Henry (County),20
AL,Houston (County),19
AL,Jackson (County),16
AL,Jefferson (County),21
AL,Lamar (County),19
AL,Lauderdale (County),11
AL,Lawrence (County),13
AL,Lee (County),14
AL,Limestone (County),13
AL,Lowndes (County),12
AL,MOWA Choctaw (SAIR),1
AL,Macon (County),16
AL,Madison (County),12
AL,Marengo (County),13
AL,Marion (County),15
AL,Marshall (County),16
AL,Mobile (County),24
AL,Monroe (County),15
AL,Montgomery (County),14
AL,Morgan (County),12
AL,Perry (County),18
AL,Pickens (County),14
AL,Pike (County),16
AL,Poarch Creek Reservation and Trust Lands (also FL),8
AL,Randolph (County),12
AL,Russell (County),15
AL,Shelby (County),13
AL,St. Clair (County),16
AL,Sumter (County),13
AL,Talladega (County),14
AL,Tallapoosa (County),12
AL,Tuscaloosa (County),18
AL,Walker (County),15
AL,Washington (County),17
AL,Wilcox (County),15
AL,Winston (County),14
AR,Arkansas (County),14
AR,Ashley (County),8
AR,Baxter (County),13
AR,Benton (County),16
AR,Boone (County),14
AR,Bradley (County),16
AR,Calhoun (County),15
AR,Carroll (County),14
AR,Chicot (County),11
AR,Clark (County),16
AR,Clay (County),15
AR,Cleburne (County),17
AR,Cleveland (County),14
AR,Columbia (County),12
AR,Conway (County),20
AR,Craighead (County),16
AR,Crawford (County),16
AR,Crittenden (County),11
AR,Cross (County),15
AR,Dallas (County),15
AR,Desha (County),12
AR,Drew (County),13
AR,Faulkner (County),15
AR,Franklin (County),21
AR,Fulton (County),17
AR,Garland (County),12
AR,Grant (County),13
AR,Greene (County),16
AR,Hempstead (County),13
AR,Hot Spring (County),12
AR,Howard (County),13
AR,Independence (County),19
AR,Izard (County),17
AR,Jackson (County),20
AR,Jefferson (County),15
AR,Johnson (County),17
AR,Lafayette (County),13
AR,Lawrence (County),15
AR,Lee (County),10
AR,Lincoln (County),17
AR,Little River (County),14
AR,Logan (County),15
AR,Lonoke (County),13
AR,Madison (County),19
AR,Marion (County),18
AR,Miller (County),13
AR,Mississippi (County),13
AR,Monroe (County),14
AR,Montgomery (County),14
AR,Nevada (County),16
AR,Newton (County),21
AR,Ouachita (County),16
AR,Ozark Test Tribe,2
AR,Perry (County),18
AR,Phillips (County),11
AR,Pike (County),13
AR,Poinsett (County),18
AR,Polk (County),15
AR,Pope (County),12
AR,Prairie (County),17
AR,Pulaski (County),17
AR,Randolph (County),16
AR,Saline (County),14
AR,Scott (County),14
AR,Searcy (County),18
AR,Sebastian (County),13
AR,Sevier (County),10
AR,Sharp (County),15
AR,St. Francis (County),12
AR,Stone (County),17
AR,Union (County),10
AR,Van Buren (County),18
AR,Washington (County),14
AR,White (County),19
AR,Woodruff (County),17
AR,Yell (County),14
AS,Eastern (District),9
AS,Manu'a (District),8
AS,Rose Island (Island) (County-equivalent),7
AS,Swains Island (Island) (County-equivalent),7
AS,Western (District),9
AZ,Apache (County),9
AZ,Cochise (County),9
AZ,Coconino (County),16
AZ,Cocopah Indian Reservation,2
AZ,Colorado River Indian Reservation (Also CA),2
AZ,Fort McDowell Indian Reservation,2
AZ,Fort Mojave Indian Reservation (Also CA),2
AZ,Fort Yuma (Quechan) Indian Reservation (Also CA),2
AZ,Gila (County),14
AZ,Gila River Indian Reservation,6
AZ,Graham (County),5
AZ,Greenlee (County),7
AZ,Havasupai Indian Reservation,5
AZ,Hopi Indian Reservation,8
AZ,Hualapai Indian Reservation,2
AZ,Kaibab Indian Reservation,2
AZ,La Paz (County),6
AZ,Maricopa (County),14
AZ,Maricopa Indian Reservation (Ak Chin),2
AZ,Mohave (County),9
AZ,Navajo (County),12
AZ,Navajo Nation Reservation (Also NM and UT),9
AZ,Pascua Yaqui Indian Reservation,2
AZ,Pima (County),7
AZ,Pinal (County),11
AZ,Salt River Indian Reservation,2
AZ,San Carlos Indian Reservation,6
AZ,Santa Cruz (County),5
AZ,Statewide,2
AZ,Tohono O'odham Reservation and Trust Lands,5
AZ,Tonto Apache Reservation,2
AZ,White Mountain Apache Tribe,5
AZ,Yavapai (County),18
AZ,Yavapai Indian Reservation,2
AZ,Yavapai-Apache Nation Indian Reservation,2
AZ,Yuma (County),3
AZ,Zuni Pueblo (Indian Reservation),2
CA,Alameda (County),8
CA,Alpine (County),5
CA,Amador (County),9
CA,Butte (County),22
CA,Cahuilla Indian Reservation,1
CA,Calaveras (County),13
CA,Campo Indian Reservation,1
CA,Colusa (County),7
CA,Contra Costa (County),7
CA,Del Norte (County),7
CA,El Dorado (County),12
CA,Fresno (County),6
CA,Glenn (County),5
CA,Hoopa Valley Indian Reservation,2
CA,Hopland Rancheria (Indian Reservation),1
CA,Humboldt (County),7
CA,Imperial (County),6
CA,Inyo (County),7
CA,Karuk Reservation,1
CA,Kern (County),23
CA,Kings (County),6
CA,La Jolla Indian Reservation,1
CA,Lake (County),21
CA,Lassen (County),9
CA,Los Angeles (County),54
CA,Madera (County),11
CA,Marin (County),9
CA,Mariposa (County),13
CA,Mendocino (County),12
CA,Merced (County),7
CA,Modoc (County),7
CA,Mono (County),6
CA,Monterey (County),14
CA,Morongo Indian Reservation,1
CA,Napa (County),22
CA,Nevada (County),12
CA,Orange (County),18
CA,Placer (County),11
CA,Plumas (County),9
CA,Resighini Rancheria (Indian Reservation),1
CA,Riverside (County),40
CA,Sacramento (County),7
CA,San Benito (County),5
CA,San Bernardino (County),33
CA,San Diego (County),31
CA,San Francisco (County),3
CA,San Joaquin (County),7
CA,San Luis Obispo (County),11
CA,San Mateo (County),10
CA,Santa Barbara (County),23
CA,Santa Clara (County),10
CA,Santa Cruz (County),17
CA,Shasta (County),24
CA,Sierra (County),7
CA,Siskiyou (County),11
CA,Soboba Indian Reservation,2
CA,Solano (County),13
CA,Sonoma (County),18
CA,Stanislaus (County),7
CA,Sutter (County),7
CA,Tehama (County),7
CA,Trinity (County),15
CA,Tulare (County),9
CA,Tule River Indian Reservation,1
CA,Tuolumne (County),11
CA,Ventura (County),28
CA,Yolo (County),11
CA,Yuba (County),12
CA,Yurok Indian Reservation,1
CO,Adams (County),9
CO,Alamosa (County),5
CO,Arapahoe (County),8
CO,Archuleta (County),4
CO,Baca (County),7
CO,Bent (County),6
CO,Boulder (County),12
CO,Broomfield (County),6
CO,Chaffee (County),5
CO,Cheyenne (County),6
CO,Clear Creek (County),7
CO,Conejos (County),4
CO,Costilla (County),7
CO,Crowley (County),8
CO,Custer (County),11
CO,Delta (County),5
CO,Denver (County),9
CO,Dolores (County),4
CO,Douglas (County),8
CO,Eagle (County),7
CO,El Paso (County),13
CO,Elbert (County),7
CO,Fremont (County),12
CO,Garfield (County),10
CO,Gilpin (County),7
CO,Grand (County),5
CO,Gunnison (County),6
CO,Hinsdale (County),4
CO,Huerfano (County),9
CO,Jackson (County),5
CO,Jefferson (County),10
CO,Kiowa (County),6
CO,Kit Carson (County),4
CO,La Plata (County),7
CO,Lake (County),5
CO,Larimer (County),19
CO,Las Animas (County),10
CO,Lincoln (County),6
CO,Logan (County),7
CO,Mesa (County),6
CO,Mineral (County),5
CO,Moffat (County),4
CO,Montezuma (County),5
CO,Montrose (County),5
CO,Morgan (County),8
CO,Otero (County),5
CO,Ouray (County),4
CO,Park (County),9
CO,Phillips (County),4
CO,Pitkin (County),4
CO,Prowers (County),5
CO,Pueblo (County),13
CO,Rio Blanco (County),4
CO,Rio Grande (County),6
CO,Routt (County),4
CO,Saguache (County),6
CO,San Juan (County),4
CO,San Miguel (County),5
CO,Sedgwick (County),6
CO,Southern Ute Indian Reservation,3
CO,Statewide,2
CO,Summit (County),5
CO,Teller (County),9
CO,Ute Mountain Indian Reservation (Also NM),3
CO,Washington (County),9
CO,Weld (County),9
CO,Yuma (County),6
CT,"Fairfield (County)(in PMSA 1160,1930,5760,8040)",20
CT,Golden Hill Indian Reservation,1
CT,"Hartford (County)(in PMSA 1170,3280,5440)",18
CT,"Litchfield (County)(in (P)MSA 1170,1930,3280,8880)",18
CT,Mashantucket Pequot Indian Reservation,7
CT,"Middlesex (County)(in (P)MSA 3280,5020,5480)",17
CT,Mohegan Trust Lands,1
CT,"New Haven (County)(in (P)MSA 1160,5480,8880)",21
CT,"New London (County)(in (P)MSA 3280,5520)",20
CT,Paucatuck Eastern Pequot Indian Reservation,2
CT,Schaghticoke Indian Reservation,1
CT,Tolland (County),19
CT,Windham (County),20
DC,District of Columbia (County-equivalent),16
DE,Kent (County),10
DE,New Castle (County),11
DE,Sussex (County),12
FL,Alachua (County),15
FL,Baker (County),18
FL,Bay (County),23
FL,Big Cypress Indian Reservation,4
FL,Bradford (County),16
FL,Brevard (County),20
FL,Brighton Indian Reservation,4
FL,Broward (County),19
FL,Calhoun (County),20
FL,Charlotte (County),18
FL,Citrus (County),17
FL,Clay (County),19
FL,Collier (County),25
FL,Columbia (County),15
FL,Dade (County),3
FL,DeSoto (County),15
FL,Dixie (County),20
FL,Duval (County),18
FL,Escambia (County),22
FL,Flagler (County),20
FL,Florida Tribe of Eastern Creek (TDSA),1
FL,Fort Pierce Indian Reservation,4
FL,Franklin (County),22
FL,Gadsden (County),19
FL,Gilchrist (County),15
FL,Glades (County),17
FL,Gulf (County),22
FL,Hamilton (County),17
FL,Hardee (County),16
FL,Hendry (County),16
FL,Hernando (County),16
FL,Highlands (County),19
FL,Hillsborough (County),15
FL,Hollywood Indian Reservation,5
FL,Holmes (County),19
FL,Immokalee Indian Reservation,4
FL,Indian River (County),19
FL,Jackson (County),17
FL,Jefferson (County),21
FL,Lafayette (County),16
FL,Lake (County),17
FL,Lee (County),19
FL,Leon (County),19
FL,Levy (County),18
FL,Liberty (County),20
FL,Madison (County),16
FL,Manatee (County),19
FL,Marion (County),15
FL,Martin (County),22
FL,Miami-Dade (County),16
FL,Miccosukee Indian Reservation,1
FL,Monroe (County),22
FL,Nassau (County),17
FL,Okaloosa (County),21
FL,Okeechobee (County),18
FL,Orange (County),17
FL,Osceola (County),19
FL,Palm Beach (County),19
FL,Pasco (County),16
FL,Pinellas (County),15
FL,Poarch Creek Reservation and Trust Lands (also AL),1
FL,Polk (County),19
FL,Putnam (County),19
FL,Santa Rosa (County),22
FL,Sarasota (County),19
FL,Seminole (County),19
FL,Seminole Indian Trust Lands,1
FL,St. Johns (County),18
FL,St. Lucie (County),20
FL,Sumter (County),13
FL,Suwannee (County),18
FL,Tampa Reservation,4
FL,Taylor (County),18
FL,Union (County),16
FL,Volusia (County),22
FL,Wakulla (County),20
FL,Walton (County),22
FL,Washington (County),20
FM,Chuuk (County-equivalent),4
FM,Pohnpei (County-equivalent),1
FM,Yap (County-equivalent),3
GA,Appling (County),11
GA,Atkinson (County),11
GA,Bacon (County),10
GA,Baker (County),13
GA,Baldwin (County),8
GA,Banks (County),8
GA,Barrow (County),7
GA,Bartow (County),9
GA,Ben Hill (County),9
GA,Berrien (County),10
GA,Bibb (County),9
GA,Bleckley (County),9
GA,Brantley (County),14
GA,Brooks (County),10
GA,Bryan (County),10
GA,Bulloch (County),12
GA,Burke (County),11
GA,Butts (County),9
GA,Calhoun (County),11
GA,Camden (County),11
GA,Candler (County),12
GA,Carroll (County),11
GA,Catoosa (County),8
GA,Charlton (County),13
GA,Chatham (County),9
GA,Chattahoochee (County),8
GA,Chattooga (County),7
GA,Cherokee (County),9
GA,Clarke (County),7
GA,Clay (County),10
GA,Clayton (County),7
GA,Clinch (County),10
GA,Cobb (County),8
GA,Coffee (County),11
GA,Colquitt (County),10
GA,Columbia (County),8
GA,Cook (County),10
GA,Coweta (County),9
GA,Crawford (County),13
GA,Crisp (County),10
GA,Dade (County),11
GA,Dawson (County),9
GA,DeKalb (County),9
GA,Decatur (County),10
GA,Dodge (County),9
GA,Dooly (County),9
GA,Dougherty (County),12
GA,Douglas (County),9
GA,Early (County),10
GA,Echols (County),11
GA,Effingham (County),9
GA,Elbert (County),10
GA,Emanuel (County),13
GA,Evans (County),10
GA,Fannin (County),9
GA,Fayette (County),8
GA,Floyd (County),8
GA,Forsyth (County),8
GA,Franklin (County),8
GA,Fulton (County),10
GA,Georgetown - Quitman (County),7
GA,Gilmer (County),9
GA,Glascock (County),9
GA,Glynn (County),11
GA,Gordon (County),7
GA,Grady (County),9
GA,Greene (County),10
GA,Gwinnett (County),7
GA,Habersham (County),10
GA,Hall (County),7
GA,Hancock (County),11
GA,Haralson (County),8
GA,Harris (County),9
GA,Hart (County),8
GA,Heard (County),10
GA,Henry (County),6
GA,Houston (County),10
GA,Irwin (County),9
GA,Jackson (County),7
GA,Jasper (County),10
GA,Jeff Davis (County),11
GA,Jefferson (County),11
GA,Jenkins (County),12
GA,Johnson (County),11
GA,Jones (County),10
GA,Lamar (County),12
GA,Lanier (County),8
GA,Laurens (County),10
GA,Lee (County),8
GA,Liberty (County),9
GA,Lincoln (County),7
GA,Long (County),11
GA,Lowndes (County),9
GA,Lumpkin (County),9
GA,Macon (County),9
GA,Madison (County),9
GA,Marion (County),8
GA,McDuffie (County),9
GA,McIntosh (County),13
GA,Meriwether (County),9
GA,Miller (County),10
GA,Mitchell (County),10
GA,Monroe (County),11
GA,Montgomery (County),10
GA,Morgan (County),10
GA,Murray (County),6
GA,Muscogee (County),8
GA,Newton (County),10
GA,Oconee (County),7
GA,Oglethorpe (County),9
GA,Paulding (County),7
GA,Peach (County),10
GA,Pickens (County),11
GA,Pierce (County),11
GA,Pike (County),9
GA,Polk (County),8
GA,Pulaski (County),9
GA,Putnam (County),10
GA,Rabun (County),9
GA,Randolph (County),8
GA,Richmond (County),8
GA,Rockdale (County),7
GA,Schley (County),8
GA,Screven (County),11
GA,Seminole (County),8
GA,Spalding (County),9
GA,Stephens (County),9
GA,Stewart (County),9
GA,Sumter (County),9
GA,Talbot (County),8
GA,Taliaferro (County),10
GA,Tama Indian Reservation,2
GA,Tattnall (County),12
GA,Taylor (County),10
GA,Telfair (County),9
GA,Terrell (County),7
GA,Thomas (County),10
GA,Tift (County),9
GA,Toombs (County),11
GA,Towns (County),8
GA,Treutlen (County),11
GA,Troup (County),8
GA,Turner (County),11
GA,Twiggs (County),11
GA,Union (County),8
GA,Upson (County),14
GA,Walker (County),9
GA,Walton (County),6
GA,Ware (County),15
GA,Warren (County),9
GA,Washington (County),10
GA,Wayne (County),11
GA,Webster (County),10
GA,Wheeler (County),9
GA,White (County),10
GA,Whitfield (County),7
GA,Wilcox (County),10
GA,Wilkes (County),11
GA,Wilkinson (County),11
GA,Worth (County),12
GU,Guam (County-equivalent),10
HI,Hawaii (County),19
HI,Honolulu (County),14
HI,Kauai (County),13
HI,Maui (County),18
IA,Adair (County),11
IA,Adams (County),10
IA,Allamakee (County),15
IA,Appanoose (County),12
IA,Audubon (County),13
IA,Benton (County),12
IA,Black Hawk (County),10
IA,Boone (County),11
IA,Bremer (County),9
IA,Buchanan (County),16
IA,Buena Vista (County),13
IA,Butler (County),14
IA,Calhoun (County),11
IA,Carroll (County),9
IA,Cass (County),10
IA,Cedar (County),12
IA,Cerro Gordo (County),7
IA,Cherokee (County),14
IA,Chickasaw (County),12
IA,Clarke (County),8
IA,Clay (County),13
IA,Clayton (County),15
IA,Clinton (County),12
IA,Crawford (County),11
IA,Dallas (County),12
IA,Davis (County),12
IA,Decatur (County),10
IA,Delaware (County),11
IA,Des Moines (County),15
IA,Dickinson (County),11
IA,Dubuque (County),10
IA,Emmet (County),10
IA,Fayette (County),14
IA,Floyd (County),11
IA,Franklin (County),12
IA,Fremont (County),10
IA,Greene (County),11
IA,Grundy (County),11
IA,Guthrie (County),12
IA,Hamilton (County),10
IA,Hancock (County),9
IA,Hardin (County),11
IA,Harrison (County),10
IA,Henry (County),11
IA,Howard (County),14
IA,Humboldt (County),13
IA,Ida (County),14
IA,Iowa (County),14
IA,Jackson (County),13
IA,Jasper (County),11
IA,Jefferson (County),7
IA,Johnson (County),12
IA,Jones (County),14
IA,Keokuk (County),11
IA,Kossuth (County),10
IA,Lee (County),15
IA,Linn (County),12
IA,Louisa (County),10
IA,Lucas (County),11
IA,Lyon (County),10
IA,Madison (County),9
IA,Mahaska (County),11
IA,Marion (County),10
IA,Marshall (County),11
IA,Mills (County),10
IA,Mitchell (County),12
IA,Monona (County),12
IA,Monroe (County),11
IA,Montgomery (County),11
IA,Muscatine (County),12
IA,O'Brien (County),10
IA,Omaha Indian Reservation,2
IA,Osceola (County),9
IA,Page (County),9
IA,Palo Alto (County),15
IA,Plymouth (County),8
IA,Pocahontas (County),15
IA,Polk (County),10
IA,Pottawattamie (County),13
IA,Poweshiek (County),9
IA,Ringgold (County),11
IA,Sac (County),13
IA,Sac and Fox Tribe of the Mississippi in Iowa,6
IA,Scott (County),9
IA,Shelby (County),11
IA,Sioux (County),10
IA,Story (County),12
IA,Tama (County),11
IA,Taylor (County),9
IA,Union (County),11
IA,Van Buren (County),10
IA,Wapello (County),13
IA,Warren (County),10
IA,Washington (County),10
IA,Wayne (County),12
IA,Webster (County),12
IA,Winnebago (County),11
IA,Winneshiek (County),16
IA,Woodbury (County),9
IA,Worth (County),8
IA,Wright (County),14
ID,Ada (County),4
ID,Adams (County),5
ID,Bannock (County),3
ID,Bear Lake (County),3
ID,Benewah (County),6
ID,Bingham (County),4
ID,Blaine (County),6
ID,Boise (County),4
ID,Bonner (County),8
ID,Bonneville (County),4
ID,Boundary (County),5
ID,Butte (County),3
ID,Camas (County),5
ID,Canyon (County),4
ID,Caribou (County),3
ID,Cassia (County),4
ID,Clark (County),4
ID,Clearwater (County),6
ID,Coeur d'Alene Indian Reservation,1
ID,Custer (County),4
ID,Elmore (County),7
ID,Franklin (County),4
ID,Fremont (County),3
ID,Gem (County),4
ID,Gooding (County),5
ID,Idaho (County),10
ID,Jefferson (County),4
ID,Jerome (County),4
ID,Kootenai (County),8
ID,Latah (County),5
ID,Lemhi (County),3
ID,Lewis (County),6
ID,Lincoln (County),4
ID,Madison (County),3
ID,Minidoka (County),4
ID,Nez Perce (County),5
ID,Nez Perce Indian Reservation,3
ID,Oneida (County),3
ID,Owyhee (County),4
ID,Payette (County),4
ID,Power (County),3
ID,Shoshone (County),6
ID,Teton (County),3
ID,Twin Falls (County),4
ID,Valley (County),9
ID,Washington (County),5
IL,Adams (County),12
IL,Alexander (County),8
IL,Bond (County),6
IL,Boone (County),7
IL,Brown (County),8
IL,Bureau (County),9
IL,Calhoun (County),10
IL,Carroll (County),9
IL,Cass (County),8
IL,Champaign (County),5
IL,Christian (County),6
IL,Clark (County),7
IL,Clay (County),5
IL,Clinton (County),4
IL,Coles (County),6
IL,Cook (County),9
IL,Crawford (County),7
IL,Cumberland (County),6
IL,De Witt (County),6
IL,DeKalb (County),8
IL,Douglas (County),8
IL,DuPage (County),8
IL,Edgar (County),6
IL,Edwards (County),5
IL,Effingham (County),5
IL,Fayette (County),7
IL,Ford (County),6
IL,Franklin (County),7
IL,Fulton (County),10
IL,Gallatin (County),8
IL,Greene (County),10
IL,Grundy (County),9
IL,Hamilton (County),7
IL,Hancock (County),11
IL,Hardin (County),7
IL,Henderson (County),9
IL,Henry (County),8
IL,Iroquois (County),6
IL,Jackson (County),8
IL,Jasper (County),7
IL,Jefferson (County),5
IL,Jersey (County),7
IL,Jo Daviess (County),7
IL,Johnson (County),6
IL,Kane (County),8
IL,Kankakee (County),5
IL,Kendall (County),7
IL,Knox (County),8
IL,La Salle (County),11
IL,Lake (County),9
IL,Lawrence (County),8
IL,Lee (County),6
IL,Livingston (County),7
IL,Logan (County),7
IL,Macon (County),5
IL,Macoupin (County),6
IL,Madison (County),7
IL,Marion (County),6
IL,Marshall (County),7
IL,Mason (County),8
IL,Massac (County),9
IL,McDonough (County),9
IL,McHenry (County),8
IL,McLean (County),6
IL,Menard (County),7
IL,Mercer (County),8
IL,Monroe (County),8
IL,Montgomery (County),6
IL,Morgan (County),8
IL,Moultrie (County),6
IL,Ogle (County),9
IL,Peoria (County),8
IL,Perry (County),5
IL,Piatt (County),5
IL,Pike (County),12
IL,Pope (County),9
IL,Pulaski (County),7
IL,Putnam (County),7
IL,Randolph (County),9
IL,Richland (County),6
IL,Rock Island (County),8
IL,Saline (County),8
IL,Sangamon (County),7
IL,Schuyler (County),9
IL,Scott (County),11
IL,Shelby (County),7
IL,St. Clair (County),7
IL,Stark (County),7
IL,Stephenson (County),9
IL,Tazewell (County),8
IL,Union (County),10
IL,Vermilion (County),5
IL,Wabash (County),7
IL,Warren (County),6
IL,Washington (County),7
IL,Wayne (County),6
IL,White (County),6
IL,Whiteside (County),8
IL,Will (County),10
IL,Williamson (County),7
IL,Winnebago (County),11
IL,Woodford (County),9
IN,Adams (County),9
IN,Allen (County),11
IN,Bartholomew (County),7
IN,Benton (County),12
IN,Blackford (County),10
IN,Boone (County),10
IN,Brown (County),9
IN,Carroll (County),11
IN,Cass (County),9
IN,Clark (County),12
IN,Clay (County),12
IN,Clinton (County),8
IN,Crawford (County),12
IN,Daviess (County),11
IN,DeKalb (County),9
IN,Dearborn (County),11
IN,Decatur (County),9
IN,Delaware (County),10
IN,Dubois (County),11
IN,Elkhart (County),8
IN,Fayette (County),7
IN,Floyd (County),10
IN,Fountain (County),8
IN,Franklin (County),11
IN,Fulton (County),12
IN,Gibson (County),14
IN,Grant (County),11
IN,Greene (County),12
IN,Hamilton (County),13
IN,Hancock (County),11
IN,Harrison (County),11
IN,Hendricks (County),10
IN,Henry (County),11
IN,Howard (County),8
IN,Huntington (County),11
IN,Jackson (County),11
IN,Jasper (County),13
IN,Jay (County),10
IN,Jefferson (County),13
IN,Jennings (County),10
IN,Johnson (County),11
IN,Knox (County),10
IN,Kosciusko (County),12
IN,LaGrange (County),6
IN,LaPorte (County),10
IN,Lake (County),15
IN,Lawrence (County),12
IN,Madison (County),12
IN,Marion (County),13
IN,Marshall (County),9
IN,Martin (County),10
IN,Miami (County),8
IN,Monroe (County),10
IN,Montgomery (County),11
IN,Morgan (County),11
IN,Newton (County),12
IN,Noble (County),11
IN,Ohio (County),11
IN,Orange (County),11
IN,Owen (County),13
IN,Parke (County),11
IN,Perry (County),12
IN,Pike (County),12
IN,Pokagon Potawatomi Band (TDSA),1
IN,Porter (County),9
IN,Posey (County),11
IN,Pulaski (County),10
IN,Putnam (County),12
IN,Randolph (County),10
IN,Ripley (County),11
IN,Rush (County),8
IN,Scott (County),11
IN,Shelby (County),9
IN,Spencer (County),10
IN,St. Joseph (County),10
IN,Starke (County),9
IN,Statewide,1
IN,Steuben (County),5
IN,Sullivan (County),11
IN,Switzerland (County),11
IN,Tippecanoe (County),9
IN,Tipton (County),9
IN,Union (County),10
IN,Vanderburgh (County),15
IN,Vermillion (County),10
IN,Vigo (County),8
IN,Wabash (County),11
IN,Warren (County),9
IN,Warrick (County),13
IN,Washington (County),12
IN,Wayne (County),9
IN,Wells (County),8
IN,White (County),12
IN,Whitley (County),11
KS,Allen (County),10
KS,Anderson (County),15
KS,Atchison (County),13
KS,Barber (County),16
KS,Barton (County),17
KS,Bourbon (County),12
KS,Brenham (Township of),1
KS,Brown (County),12
KS,Butler (County),19
KS,Butler (Township of),1
KS,Center (Township of),1
KS,Chase (County),14
KS,Chautauqua (County),12
KS,Cherokee (County),19
KS,Cheyenne (County),11
KS,Clark (County),13
KS,Clay (County),14
KS,Cloud (County),11
KS,Coffey (County),14
KS,Comanche (County),17
KS,Cowley (County),19
KS,Crawford (County),17
KS,Decatur (County),11
KS,Delaware-Muncie (TDSA),1
KS,Dickinson (County),12
KS,Doniphan (County),14
KS,Douglas (County),13
KS,Edwards (County),16
KS,Elk (County),16
KS,Ellis (County),11
KS,Ellsworth (County),13
KS,Finney (County),7
KS,Ford (County),10
KS,Franklin (County),15
KS,Garfield (Township of),1
KS,Geary (County),10
KS,Glick (Township of),1
KS,Gove (County),9
KS,Graham (County),12
KS,Grant (County),7
KS,Gray (County),7
KS,Greeley (County),6
KS,Greenwood (County),18
KS,Hamilton (County),8
KS,Harper (County),16
KS,Harvey (County),17
KS,Haskell (County),11
KS,Highland (Township of),1
KS,Hodgeman (County),14
KS,Iowa Indian Reservation (Also NE),2
KS,Jackson (County),12
KS,Jefferson (County),12
KS,Jewell (County),14
KS,Johnson (County),6
KS,Kearny (County),7
KS,Kickapoo Indian Reservation,2
KS,Kingman (County),17
KS,Kiowa (County),15
KS,Kiowa (Township of),2
KS,Labette (County),11
KS,Lane (County),8
KS,Leavenworth (County),15
KS,Lincoln (County),9
KS,Lincoln (Township of),1
KS,Linn (County),13
KS,Logan (County),9
KS,Lyon (County),18
KS,Marion (County),15
KS,Marshall (County),14
KS,Martin (Township of),1
KS,McPherson (County),14
KS,Meade (County),11
KS,Miami (County),12
KS,Mitchell (County),10
KS,Montgomery (County),12
KS,Morris (County),16
KS,Morton (County),7
KS,Nemaha (County),9
KS,Neosho (County),15
KS,Ness (County),13
KS,Norton (County),11
KS,Osage (County),17
KS,Osborne (County),14
KS,Ottawa (County),10
KS,Pawnee (County),17
KS,Phillips (County),15
KS,Pottawatomie (County),13
KS,Prairie Band Potawatomi Reservation,2
KS,Pratt (County),16
KS,Rawlins (County),8
KS,Reeder (Township of),1
KS,Reno (County),16
KS,Republic (County),12
KS,Rice (County),18
KS,Riley (County),13
KS,Rooks (County),15
KS,Rush (County),15
KS,Russell (County),15
KS,Sac and Fox Indian Reservation (Also NE),2
KS,Saline (County),10
KS,Scott (County),6
KS,Sedgwick (County),10
KS,Seward (County),10
KS,Shawnee (County),11
KS,Sheridan (County),12
KS,Sherman (County),8
KS,Smith (County),13
KS,Stafford (County),14
KS,Stanton (County),8
KS,Stevens (County),9
KS,Sumner (County),18
KS,Thomas (County),9
KS,Trego (County),9
KS,Union (Township of),1
KS,Ursula (Township of),1
KS,Valley (Township of),1
KS,Wabaunsee (County),15
KS,Wallace (County),10
KS,Washington (County),13
KS,Wellsford (Township of),1
KS,Wichita (County),6
KS,Wilson (County),13
KS,Woodson (County),17
KS,Wyandotte (County),15
KY,Adair (County),10
KY,Allen (County),8
KY,Anderson (County),12
KY,Ballard (County),15
KY,Barren (County),7
KY,Bath (County),15
KY,Bell (County),12
KY,Boone (County),7
KY,Bourbon (County),11
KY,Boyd (County),17
KY,Boyle (County),10
KY,Bracken (County),9
KY,Breathitt (County),21
KY,Breckinridge (County),14
KY,Bullitt (County),11
KY,Butler (County),15
KY,Caldwell (County),13
KY,Calloway (County),10
KY,Campbell (County),10
KY,Carlisle (County),14
KY,Carroll (County),13
KY,Carter (County),19
KY,Casey (County),12
KY,Christian (County),10
KY,Clark (County),10
KY,Clay (County),22
KY,Clinton (County),5
KY,Crittenden (County),17
KY,Cumberland (County),7
KY,Daviess (County),11
KY,Edmonson (County),13
KY,Elliott (County),18
KY,Estill (County),20
KY,Fayette (County),9
KY,Fleming (County),14
KY,Floyd (County),23
KY,Franklin (County),13
KY,Fulton (County),13
KY,Gallatin (County),10
KY,Garrard (County),8
KY,Grant (County),12
KY,Graves (County),9
KY,Grayson (County),16
KY,Green (County),10
KY,Greenup (County),15
KY,Hancock (County),16
KY,Hardin (County),13
KY,Harlan (County),15
KY,Harrison (County),11
KY,Hart (County),13
KY,Henderson (County),14
KY,Henry (County),11
KY,Hickman (County),14
KY,Hopkins (County),16
KY,Jackson (County),15
KY,Jefferson (County),12
KY,Jessamine (County),10
KY,Johnson (County),22
KY,Kenton (County),9
KY,Knott (County),21
KY,Knox (County),18
KY,Larue (County),12
KY,Laurel (County),10
KY,Lawrence (County),25
KY,Lee (County),18
KY,Leslie (County),17
KY,Letcher (County),17
KY,Lewis (County),20
KY,Lincoln (County),11
KY,Livingston (County),15
KY,Logan (County),7
KY,Lyon (County),11
KY,Madison (County),12
KY,Magoffin (County),24
KY,Marion (County),9
KY,Marshall (County),15
KY,Martin (County),18
KY,Mason (County),13
KY,McCracken (County),11
KY,McCreary (County),9
KY,McLean (County),14
KY,Meade (County),12
KY,Menifee (County),16
KY,Mercer (County),10
KY,Metcalfe (County),16
KY,Monroe (County),9
KY,Montgomery (County),11
KY,Morgan (County),18
KY,Muhlenberg (County),9
KY,Nelson (County),11
KY,Nicholas (County),17
KY,Ohio (County),15
KY,Oldham (County),8
KY,Owen (County),13
KY,Owsley (County),19
KY,Pendleton (County),12
KY,Perry (County),22
KY,Pike (County),23
KY,Powell (County),15
KY,Pulaski (County),6
KY,Robertson (County),12
KY,Rockcastle (County),14
KY,Rowan (County),18
KY,Russell (County),8
KY,Scott (County),8
KY,Shelby (County),12
KY,Simpson (County),6
KY,Spencer (County),15
KY,Taylor (County),9
KY,Todd (County),8
KY,Trigg (County),14
KY,Trimble (County),12
KY,Union (County),17
KY,Warren (County),7
KY,Washington (County),17
KY,Wayne (County),8
KY,Webster (County),15
KY,Whitley (County),15
KY,Wolfe (County),16
KY,Woodford (County),12
LA,Acadia (Parish),24
LA,Allen (Parish),23
LA,Apache Choctaw (TDSA),2
LA,Ascension (Parish),24
LA,Assumption (Parish),27
LA,Avoyelles (Parish),22
LA,Beauregard (Parish),24
LA,Bienville (Parish),15
LA,Bossier (Parish),19
LA,Caddo (Parish),18
LA,Calcasieu (Parish),21
LA,Caldwell (Parish),18
LA,Cameron (Parish),22
LA,Catahoula (Parish),23
LA,Chitimacha Indian Reservation,2
LA,Claiborne (Parish),16
LA,Clifton Choctaw (TDSA),2
LA,Concordia (Parish),22
LA,Coushatta Indian Reservation,3
LA,De Soto (Parish),17
LA,East Baton Rouge (Parish),24
LA,East Carroll (Parish),18
LA,East Feliciana (Parish),23
LA,Evangeline (Parish),19
LA,Franklin (Parish),20
LA,Grant (Parish),18
LA,Iberia (Parish),26
LA,Iberville (Parish),24
LA,Jackson (Parish),14
LA,Jefferson (Parish),27
LA,Jefferson Davis (Parish),24
LA,Jena Band of Choctaw (TDSA),2
LA,La Salle (Parish),18
LA,Lafayette (Parish),21
LA,Lafourche (Parish),29
LA,Lincoln (Parish),17
LA,Livingston (Parish),28
LA,Madison (Parish),18
LA,Morehouse (Parish),18
LA,Natchitoches (Parish),23
LA,Orleans (Parish),25
LA,Ouachita (Parish),23
LA,Plaquemines (Parish),25
LA,Pointe Coupee (Parish),26
LA,Rapides (Parish),25
LA,Red River (Parish),16
LA,Richland (Parish),16
LA,Sabine (Parish),18
LA,St. Bernard (Parish),25
LA,St. Charles (Parish),29
LA,St. Helena (Parish),23
LA,St. James (Parish),24
LA,St. John the Baptist (Parish),25
LA,St. Landry (Parish),25
LA,St. Martin (Parish),29
LA,St. Mary (Parish),28
LA,St. Tammany (Parish),24
LA,Statewide,1
LA,Tangipahoa (Parish),25
LA,Tensas (Parish),16
LA,Terrebonne (Parish),29
LA,Tunica-Biloxi Indian Reservation,2
LA,Union (Parish),18
LA,United Houma Nation (TDSA),2
LA,Vermilion (Parish),25
LA,Vernon (Parish),20
LA,Washington (Parish),21
LA,Webster (Parish),16
LA,West Baton Rouge (Parish),22
LA,West Carroll (Parish),14
LA,West Feliciana (Parish),27
LA,Winn (Parish),15
MA,Barnstable (County),15
MA,Berkshire (County),18
MA,"Bristol (County)(in (P)MSA 1120,1200,2480,5400,6060)",20
MA,Dukes (County),13
MA,"Essex (County)(in PMSA 1120,4160,7090)",25
MA,Franklin (County),17
MA,Hampden (County),18
MA,Hampshire (County),18
MA,Mashpee Wampanoag Tribe,1
MA,"Middlesex (County)(in (P)MSA 1120,2600,4560)",25
MA,Nantucket (County),12
MA,"Norfolk (County)(in PMSA 1120,1200,6060)",23
MA,"Plymouth (County)(in (P)MSA 1120,1200,5400)",18
MA,Suffolk (County),22
MA,Wampanoag Tribe of Gay Head (Aquinnah),1
MA,"Worcester (County) (in (P)MSA 1120,2600,9240)",22
MD,Allegany (County),10
MD,Anne Arundel (County),12
MD,Baltimore,14
MD,Baltimore (County),15
MD,Calvert (County),13
MD,Caroline (County),13
MD,Carroll (County),11
MD,Cecil (County),13
MD,Charles (County),15
MD,Dorchester (County),12
MD,Frederick (County),11
MD,Garrett (County),9
MD,Harford (County),13
MD,Howard (County),15
MD,Kent (County),13
MD,Montgomery (County),13
MD,Prince George's (County),11
MD,Queen Anne's (County),12
MD,Somerset (County),8
MD,St. Mary's (County),10
MD,Talbot (County),11
MD,Washington (County),11
MD,Wicomico (County),9
MD,Worcester (County),9
ME,Adamstown (Township of),2
ME,Albany (Township of),2
ME,Alder Brook (Township of),2
ME,Alder Stream (Township of),2
ME,Andover North Surplus,2
ME,Andover West Surplus,2
ME,Androscoggin (County),15
ME,Appleton (Township of),2
ME,Argyle (Township of),2
ME,Aroostook (County),14
ME,Aroostook Band of Micmac (TDSA),2
ME,Attean (Township of),2
ME,Bald Mountain (Township of) (T2r3),2
ME,Bald Mountain (Township of) (T4r3),2
ME,Batchelders Grant,2
ME,Beattie (Township of),2
ME,Benedicta (Township of),2
ME,Big Moose (Township of),2
ME,Big Six (Township of),2
ME,Big Ten (Township of),2
ME,Big Twenty (Township of),2
ME,Big W (Township of),2
ME,Bigelow (Township of),2
ME,Blake Gore,2
ME,Bowdoin College Grant East,2
ME,Bowdoin College Grant West,2
ME,Bowmantown (Township of),2
ME,Bowtown (Township of),2
ME,Bradstreet (Township of),2
ME,Brassua (Township of),2
ME,Brookton (Township of),2
ME,C Surplus,1
ME,Carrying Place (Township of),2
ME,Carrying Place Town (Township of),2
ME,Chain of Ponds (Township of),2
ME,Chase Stream (Township of),2
ME,Chesuncook (Township of),2
ME,Coburn Gore,2
ME,Comstock (Township of),2
ME,Concord (Township of),2
ME,Connor (Township of),2
ME,Cove Point (Township of),2
ME,Cox Patent,2
ME,Cumberland (County),18
ME,Davis (Township of),2
ME,Days Academy Grant,2
ME,Dead River (Township of),2
ME,Devereaux (Township of),2
ME,Dole Brook (Township of),2
ME,Dudley (Township of),2
ME,Dyer (Township of),2
ME,E (Plantation of),2
ME,Eagle Lake (Township of),2
ME,East Middlesex Canal Grant,2
ME,East Moxie (Township of),2
ME,Edmunds (Township of),2
ME,Elliottsville (Plantation of),2
ME,Elm Stream (Township of),2
ME,Flagstaff (Township of),2
ME,Forest (Township of),2
ME,Forest City (Township of),2
ME,Forkstown (T3R2) (Township of),2
ME,Forsyth (Township of),2
ME,Fowler (Township of),2
ME,Franklin (County),16
ME,Freeman (Township of),2
ME,Frenchtown (Township of),2
ME,Gorham Gore,2
ME,Grafton (Township of),2
ME,Grand Falls (Unorganized Territory of),2
ME,Greenfield (Township of),2
ME,Grindstone (Township of),2
ME,Hammond (Township of),2
ME,Hancock (County),14
ME,Harfords Point (Township of),2
ME,Herseytown (Township of),2
ME,Hobbstown (Township of),2
ME,Holeb (Township of),2
ME,Hopkins Academy Grant,2
ME,Houlton Maliseet Indian Trust Lands,1
ME,Indian Stream (Township of),2
ME,Jim Pond (Township of),2
ME,Johnson Mountain (Township of),2
ME,Katahdin Iron Works (Township of),2
ME,Kennebec (County),11
ME,Kibby (Township of),2
ME,Kineo (Township of),2
ME,King and Bartlett (Township of),2
ME,Kingman (Township of),2
ME,Knox (County),14
ME,Kossuth (Township of),2
ME,Lambert Lake (Township of),2
ME,Lang (Township of),2
ME,Lexington (Township of),2
ME,Lily Bay (Township of),2
ME,Lincoln (County),15
ME,Little Moose (Township of),2
ME,Little W (Township of),2
ME,Lobster (Township of),2
ME,Long A (Township of),2
ME,Long Pond (Township of),2
ME,Lowelltown (Township of),2
ME,Lower Cupsuptic (Township of),2
ME,Lower Enchanted (Township of),2
ME,Lynchtown (Township of),2
ME,Marion (Township of),2
ME,Mason (Township of),2
ME,Massachusetts Gore,2
ME,Mattamiscontis (Township of),2
ME,Mayfield (Township of),2
ME,Merrill Strip,2
ME,Milton (Township of),2
ME,Misery (Township of),2
ME,Misery Gore,2
ME,Molunkus (Township of),2
ME,Mount Abram (Township of),2
ME,Mount Katahdin (Township of),2
ME,Moxie Gore,2
ME,Nesourdnahunk (Township of),2
ME,North Yarmouth Academy Grant,2
ME,Northeast Carry (Township of),2
ME,Orneville (Township of),2
ME,Oxbow (Township of),2
ME,Oxford (County),17
ME,Parkertown (Township of),2
ME,Parlin Pond (Township of),2
ME,Parmachenee (Township of),2
ME,Passamaquoddy Indian Reservation,2
ME,Penobscot (County),12
ME,Perkins (Township of),4
ME,Pierce Pond (Township of),2
ME,Piscataquis (County),14
ME,Pittston Academy Grant,2
ME,Plantation No. 21,1
ME,Plymouth (Township of),2
ME,Prentiss (Township of),2
ME,Rainbow (Township of),2
ME,Redington (Township of),2
ME,Richardsontown (Township of),2
ME,Riley (Township of),2
ME,Rockwood Strip T1R1,2
ME,Rockwood Strip T2R1,2
ME,Russell Pond (Township of),2
ME,Sagadahoc (County),12
ME,Salem (Township of),2
ME,Sandbar Tract,2
ME,Sandwich Academy Grant,2
ME,Sandy Bay (Township of),2
ME,Sapling (Township of),2
ME,Seboomook (Township of),2
ME,Seven Ponds (Township of),2
ME,Shawtown (Township of),2
ME,Silver Ridge (Township of),2
ME,Skinner (Township of),2
ME,Soldiertown (Township of),3
ME,Somerset (County),14
ME,Soper Mountain (Township of),2
ME,Spencer Bay (Township of),2
ME,Squapan (Township of),2
ME,Squaretown (Township of),2
ME,St. Croix (Township of),2
ME,St. John (Township of),2
ME,Stetsontown (Township of),2
ME,Summit (Township of),2
ME,T01 R05 WELS,1
ME,T01 R06 WELS,1
ME,T01 R08 WELS,1
ME,T01 R09 WELS,1
ME,T01 R10 WELS,1
ME,T01 R11 WELS,1
ME,T01 R12 WELS,1
ME,T01 R13 WELS,1
ME,T02 R04 WELS,1
ME,T02 R08 NWP,1
ME,T02 R08 WELS,1
ME,T02 R09 NWP,1
ME,T02 R09 WELS,1
ME,T02 R10 WELS,1
ME,T02 R12 WELS,1
ME,T02 R13 WELS,1
ME,T03 ND,1
ME,T03 R01 NBPP,1
ME,T03 R03 WELS,1
ME,T03 R04 BKP WKR,1
ME,T03 R04 WELS,1
ME,T03 R05 BKP WKR,1
ME,T03 R07 WELS,1
ME,T03 R08 WELS,1
ME,T03 R09 NWP,1
ME,T03 R10 WELS,1
ME,T03 R11 WELS,1
ME,T03 R12 WELS,1
ME,T03 R13 WELS,1
ME,T04 ND,1
ME,T04 R03 WELS,1
ME,T04 R05 NBPK,1
ME,T04 R07 WELS,1
ME,T04 R08 WELS,1
ME,T04 R09 NWP,1
ME,T04 R09 WELS,1
ME,T04 R10 WELS,1
ME,T04 R11 WELS,1
ME,T04 R12 WELS,1
ME,T04 R13 WELS,1
ME,T04 R14 WELS,1
ME,T04 R15 WELS,1
ME,T04 R17 WELS,1
ME,T05 ND BPP,1
ME,T05 R01 NBPP,1
ME,T05 R06 BKP WKR,1
ME,T05 R07 BKP WKR,1
ME,T05 R07 WELS,1
ME,T05 R08 WELS,1
ME,T05 R09 NWP,1
ME,T05 R09 WELS,1
ME,T05 R11 WELS,1
ME,T05 R12 WELS,1
ME,T05 R14 WELS,1
ME,T05 R15 WELS,1
ME,T05 R17 WELS,1
ME,T05 R18 WELS,1
ME,T05 R19 WELS,1
ME,T05 R20 WELS,1
ME,T06 ND BPP,1
ME,T06 R01 NBPP,1
ME,T06 R06 WELS,1
ME,T06 R07 WELS,1
ME,T06 R08 WELS,1
ME,T06 R10 WELS,1
ME,T06 R11 WELS,1
ME,T06 R12 WELS,1
ME,T06 R13 WELS,1
ME,T06 R14 WELS,1
ME,T06 R15 WELS,1
ME,T06 R17 WELS,1
ME,T06 R18 WELS,1
ME,T07 R05 WELS,1
ME,T07 R06 WELS,1
ME,T07 R07 WELS,1
ME,T07 R08 WELS,1
ME,T07 R09 NWP,1
ME,T07 R09 WELS,1
ME,T07 R10 WELS,1
ME,T07 R11 WELS,1
ME,T07 R12 WELS,1
ME,T07 R13 WELS,1
ME,T07 R14 WELS,1
ME,T07 R15 WELS,1
ME,T07 R16 WELS,1
ME,T07 R17 WELS,1
ME,T07 R18 WELS,1
ME,T07 R19 WELS,1
ME,T07 SD,1
ME,T08 R03 NBPP,1
ME,T08 R03 WELS,1
ME,T08 R04 NBPP,1
ME,T08 R05 WELS,1
ME,T08 R06 WELS,1
ME,T08 R07 WELS,1
ME,T08 R08 WELS,1
ME,T08 R09 WELS,1
ME,T08 R10 WELS,1
ME,T08 R11 WELS,1
ME,T08 R14 WELS,1
ME,T08 R15 WELS,1
ME,T08 R16 WELS,1
ME,T08 R17 WELS,1
ME,T08 R18 WELS,1
ME,T08 R19 WELS,1
ME,T08 SD,1
ME,T09 R03 WELS,1
ME,T09 R04 WELS,1
ME,T09 R05 WELS,1
ME,T09 R07 WELS,1
ME,T09 R08 WELS,1
ME,T09 R09 WELS,1
ME,T09 R10 WELS,1
ME,T09 R11 WELS,1
ME,T09 R12 WELS,1
ME,T09 R13 WELS,1
ME,T09 R14 WELS,1
ME,T09 R15 WELS,1
ME,T09 R16 WELS,1
ME,T09 R17 WELS,1
ME,T09 R18 WELS,1
ME,T09 SD,1
ME,T10 R03 WELS,1
ME,T10 R06 WELS,1
ME,T10 R07 WELS,1
ME,T10 R08 WELS,1
ME,T10 R09 WELS,1
ME,T10 R10 WELS,1
ME,T10 R11 WELS,1
ME,T10 R12 WELS,1
ME,T10 R13 WELS,1
ME,T10 R14 WELS,1
ME,T10 R15 WELS,1
ME,T10 R16 WELS,1
ME,T10 SD,1
ME,T11 R03 NBPP,1
ME,T11 R04 WELS,1
ME,T11 R07 WELS,1
ME,T11 R08 WELS,1
ME,T11 R09 WELS,1
ME,T11 R10 WELS,1
ME,T11 R11 WELS,1
ME,T11 R12 WELS,1
ME,T11 R13 WELS,1
ME,T11 R14 WELS,1
ME,T11 R15 WELS,1
ME,T11 R16 WELS,1
ME,T11 R17 WELS,1
ME,T12 R07 WELS,1
ME,T12 R08 WELS,1
ME,T12 R09 WELS,1
ME,T12 R10 WELS,1
ME,T12 R11 WELS,1
ME,T12 R12 WELS,1
ME,T12 R13 WELS,1
ME,T12 R14 WELS,1
ME,T12 R15 WELS,1
ME,T12 R16 WELS,1
ME,T12 R17 WELS,1
ME,T13 R05 WELS,1
ME,T13 R07 WELS,1
ME,T13 R08 WELS,1
ME,T13 R09 WELS,1
ME,T13 R10 WELS,1
ME,T13 R11 WELS,1
ME,T13 R12 WELS,1
ME,T13 R13 WELS,1
ME,T13 R14 WELS,1
ME,T13 R15 WELS,1
ME,T13 R16 WELS,1
ME,T14 R05 WELS,1
ME,T14 R06 WELS,1
ME,T14 R07 WELS,1
ME,T14 R08 WELS,1
ME,T14 R09 WELS,1
ME,T14 R10 WELS,1
ME,T14 R11 WELS,1
ME,T14 R12 WELS,1
ME,T14 R13 WELS,1
ME,T14 R14 WELS,1
ME,T14 R15 WELS,1
ME,T14 R16 WELS,1
ME,T15 R05 WELS,1
ME,T15 R06 WELS,1
ME,T15 R08 WELS,1
ME,T15 R09 WELS,1
ME,T15 R10 WELS,1
ME,T15 R11 WELS,1
ME,T15 R12 WELS,1
ME,T15 R13 WELS,1
ME,T15 R14 WELS,1
ME,T15 R15 WELS,1
ME,T16 MD,1
ME,T16 R04 WELS,1
ME,T16 R05 WELS,1
ME,T16 R06 WELS,1
ME,T16 R08 WELS,1
ME,T16 R09 WELS,1
ME,T16 R12 WELS,1
ME,T16 R13 WELS,1
ME,T16 R14 WELS,1
ME,T17 R03 WELS,1
ME,T17 R04 WELS,1
ME,T17 R05 WELS,1
ME,T17 R12 WELS,1
ME,T17 R13 WELS,1
ME,T17 R14 WELS,1
ME,T18 ED BPP,1
ME,T18 MD BPP,1
ME,T18 R10 WELS,1
ME,T18 R11 WELS,1
ME,T18 R12 WELS,1
ME,T18 R13 WELS,1
ME,T19 ED BPP,1
ME,T19 MD BPP,1
ME,T19 R11 WELS,1
ME,T19 R12 WELS,1
ME,T22 MD,1
ME,T24 MD BPP,1
ME,T25 MD BPP,1
ME,T26 ED BPP,1
ME,T27 ED BPP,1
ME,T28 MD,1
ME,T3 Indian Purchase,1
ME,T30 MD BPP,1
ME,T31 MD BPP,1
ME,T32 MD,1
ME,T34 MD,1
ME,T35 MD,1
ME,T36 MD BPP,1
ME,T37 MD BPP,1
ME,T39 MD,1
ME,T4 Indian Purchase,1
ME,T40 MD,1
ME,T41 MD,1
ME,T42 MD BPP,1
ME,T43 MD BPP,1
ME,TA R02 WELS,1
ME,TA R07 WELS,1
ME,TA R10 WELS,1
ME,TA R11 WELS,1
ME,TB R10 WELS,1
ME,TB R11 WELS,1
ME,TC R02 WELS,1
ME,TD R02 WELS,1
ME,TX R14 WELS,1
ME,Taunton and Raynham Academy Grant,2
ME,Thorndike (Township of),3
ME,Tim Pond (Township of),2
ME,Tomhegan (Township of),2
ME,Township 6,1
ME,Township C,1
ME,Township D,1
ME,Township E,1
ME,Trescott (Township of),2
ME,Trout Brook (Township of),2
ME,Upper Cupsuptic (Township of),2
ME,Upper Enchanted (Township of),2
ME,Upper Molunkus (Township of),2
ME,Veazie Gore,2
ME,Waldo (County),12
ME,Washington (County),14
ME,Washington (Township of),4
ME,Webbertown (Township of),2
ME,West Middlesex Canal Grant,2
ME,Williamsburg (Township of),2
ME,Wyman (Township of),2
ME,"York (County)(in MSA 6400,6450)",21
MI,Alcona (County),3
MI,Alger (County),3
MI,Allegan (County),6
MI,Alpena (County),3
MI,Antrim (County),3
MI,Arenac (County),5
MI,Baraga (County),5
MI,Barry (County),7
MI,Bay (County),5
MI,Bay Mills Indian Reservation,2
MI,Benzie (County),3
MI,Berrien (County),5
MI,Branch (County),4
MI,Calhoun (County),5
MI,Cass (County),5
MI,Charlevoix (County),3
MI,Cheboygan (County),3
MI,Chippewa (County),3
MI,Clare (County),4
MI,Clinton (County),4
MI,Crawford (County),3
MI,Delta (County),3
MI,Dickinson (County),3
MI,Eaton (County),7
MI,Emmet (County),3
MI,Genesee (County),7
MI,Gladwin (County),8
MI,Gogebic (County),6
MI,Grand Traverse (County),3
MI,Grand Traverse Indian Reservation,2
MI,Gratiot (County),4
MI,Hannahville Community Indian Reservation,2
MI,Hillsdale (County),5
MI,Houghton (County),6
MI,Huron (County),4
MI,Huron Potawatomi Indian Reservation,2
MI,Ingham (County),7
MI,Ionia (County),6
MI,Iosco (County),4
MI,Iron (County),4
MI,Isabella (County),5
MI,Isabella Indian Reservation,2
MI,Jackson (County),5
MI,Kalamazoo (County),5
MI,Kalkaska (County),3
MI,Kent (County),6
MI,Keweenaw (County),4
MI,L'Anse Indian Reservation,2
MI,Lac Vieux Desert Indian Reservation,2
MI,Lake (County),4
MI,Lapeer (County),5
MI,Leelanau (County),3
MI,Lenawee (County),3
MI,Little Traverse Bay Indian Reservation,2
MI,Livingston (County),6
MI,Luce (County),3
MI,Mackinac (County),3
MI,Macomb (County),7
MI,Manistee (County),4
MI,Marquette (County),5
MI,Mason (County),4
MI,Mecosta (County),5
MI,Menominee (County),4
MI,Midland (County),8
MI,Missaukee (County),4
MI,Monroe (County),4
MI,Montcalm (County),4
MI,Montmorency (County),3
MI,Muskegon (County),6
MI,Newaygo (County),5
MI,Oakland (County),8
MI,Oceana (County),3
MI,Ogemaw (County),3
MI,Ontonagon (County),5
MI,Ontonagon Indian Reservation,2
MI,Osceola (County),6
MI,Oscoda (County),3
MI,Otsego (County),3
MI,Ottawa (County),7
MI,Pokagon Potawatomi Band (TDSA),2
MI,Presque Isle (County),3
MI,Roscommon (County),3
MI,Saginaw (County),8
MI,Sanilac (County),5
MI,Sault Ste. Marie Indian Reservation,2
MI,Schoolcraft (County),3
MI,Shiawassee (County),5
MI,St. Clair (County),6
MI,St. Joseph (County),5
MI,Tuscola (County),4
MI,Van Buren (County),5
MI,Washtenaw (County),6
MI,Wayne (County),7
MI,Wexford (County),4
MN,Aitkin (County),6
MN,Anoka (County),6
MN,Becker (County),8
MN,Beltrami (County),9
MN,Benton (County),5
MN,Big Stone (County),10
MN,Blooming Valley (Township of),1
MN,Blue Earth (County),12
MN,Bois Forte (Nett Lake) Indian Reservation,3
MN,Brown (County),12
MN,Carlton (County),6
MN,Carver (County),9
MN,Cass (County),5
MN,Chippewa (County),10
MN,Chisago (County),6
MN,Clay (County),13
MN,Clearwater (County),7
MN,Cook (County),6
MN,Cottonwood (County),8
MN,Crow Wing (County),6
MN,Dakota (County),6
MN,Deer Creek Indian Reservation,2
MN,Dodge (County),9
MN,Douglas (County),6
MN,Faribault (County),11
MN,Fillmore (County),8
MN,Fond du Lac Indian Reservation,4
MN,Freeborn (County),12
MN,Goodhue (County),10
MN,Grand Portage Indian Reservation,3
MN,Grant (County),9
MN,Hennepin (County),10
MN,Ho-Chunk Reservation and Trust Lands (Also WI),2
MN,Houston (County),10
MN,Hubbard (County),5
MN,Isanti (County),5
MN,Itasca (County),6
MN,Jackson (County),9
MN,Kanabec (County),6
MN,Kandiyohi (County),6
MN,Kittson (County),13
MN,Koochiching (County),7
MN,Lac qui Parle (County),11
MN,Lake (County),7
MN,Lake of the Woods (County),7
MN,Le Sueur (County),10
MN,Leech Lake Indian Reservation,3
MN,Lincoln (County),7
MN,Lower Sioux Community (Indian Reservation),2
MN,Lyon (County),10
MN,Mahnomen (County),6
MN,Marshall (County),13
MN,Martin (County),8
MN,McKinley (Township of),2
MN,McLeod (County),11
MN,Meeker (County),6
MN,Mille Lacs (County),5
MN,Mille Lacs Indian Reservation,5
MN,Minnesota Chippewa Indian Trust Lands,1
MN,Morrison (County),6
MN,Mower (County),8
MN,Murray (County),8
MN,Nett River (Township of),2
MN,Nicollet (County),12
MN,Nobles (County),10
MN,Norman (County),13
MN,Olmsted (County),9
MN,Otter Tail (County),7
MN,Pennington (County),7
MN,Pine (County),8
MN,Pipestone (County),8
MN,Polk (County),14
MN,Pope (County),6
MN,Prairie Island Community (Indian Reservation),6
MN,Ramsey (County),9
MN,Red Lake (County),10
MN,Red Lake Indian Reservation,8
MN,Redwood (County),12
MN,Renville (County),11
MN,Rice (County),8
MN,Rock (County),8
MN,Roseau (County),10
MN,Sandy Lake Indian Reservation,2
MN,Scott (County),9
MN,Shakopee Community (Indian Reservation),3
MN,Sherburne (County),3
MN,Sibley (County),14
MN,St. Louis (County),7
MN,Stearns (County),6
MN,Steele (County),10
MN,Stevens (County),10
MN,Swift (County),9
MN,Todd (County),5
MN,Traverse (County),12
MN,Upper Sioux Community (Indian Reservation),7
MN,Vermillion Lake Indian Reservation,2
MN,Wabasha (County),7
MN,Wadena (County),6
MN,Wahnena (Township of),2
MN,Waseca (County),7
MN,Washington (County),8
MN,Watonwan (County),7
MN,White Earth Indian Reservation,6
MN,Wilkin (County),13
MN,Winona (County),7
MN,Wright (County),8
MN,Yellow Medicine (County),13
MO,Adair (County),18
MO,Andrew (County),19
MO,Atchison (County),16
MO,Audrain (County),15
MO,Barry (County),22
MO,Barton (County),19
MO,Bates (County),16
MO,Benton (County),15
MO,Bollinger (County),19
MO,Boone (County),20
MO,Buchanan (County),19
MO,Butler (County),16
MO,Caldwell (County),14
MO,Callaway (County),18
MO,Camden (County),20
MO,Cape Girardeau (County),21
MO,Carroll (County),18
MO,Carter (County),15
MO,Cass (County),14
MO,Cedar (County),21
MO,Chariton (County),20
MO,Christian (County),19
MO,Clark (County),18
MO,Clay (County),13
MO,Clinton (County),14
MO,Cole (County),18
MO,Cooper (County),16
MO,Crawford (County),17
MO,Dade (County),19
MO,Dallas (County),21
MO,Daviess (County),16
MO,DeKalb (County),14
MO,Dent (County),15
MO,Douglas (County),19
MO,Dunklin (County),17
MO,Franklin (County),13
MO,Gasconade (County),14
MO,Gentry (County),14
MO,Greene (County),20
MO,Grundy (County),17
MO,Harrison (County),14
MO,Henry (County),14
MO,Hickory (County),20
MO,Holt (County),16
MO,Howard (County),21
MO,Howell (County),17
MO,Iron (County),18
MO,Jackson (County),14
MO,Jasper (County),18
MO,Jefferson (County),19
MO,Johnson (County),14
MO,Knox (County),19
MO,Laclede (County),20
MO,Lafayette (County),16
MO,Lawrence (County),17
MO,Lewis (County),20
MO,Lincoln (County),19
MO,Linn (County),18
MO,Livingston (County),17
MO,Macon (County),14
MO,Madison (County),16
MO,Maries (County),21
MO,Marion (County),19
MO,McDonald (County),20
MO,Mercer (County),14
MO,Miller (County),23
MO,Mississippi (County),19
MO,Moniteau (County),13
MO,Monroe (County),15
MO,Montgomery (County),18
MO,Morgan (County),18
MO,New Madrid (County),20
MO,Newton (County),21
MO,Nodaway (County),14
MO,Oregon (County),18
MO,Osage (County),23
MO,Ozark (County),19
MO,Pemiscot (County),19
MO,Perry (County),22
MO,Pettis (County),14
MO,Phelps (County),19
MO,Pike (County),19
MO,Platte (County),17
MO,Polk (County),20
MO,Pulaski (County),18
MO,Putnam (County),15
MO,Ralls (County),19
MO,Randolph (County),14
MO,Ray (County),22
MO,Reynolds (County),17
MO,Ripley (County),15
MO,Saline (County),17
MO,Schuyler (County),14
MO,Scotland (County),16
MO,Scott (County),20
MO,Shannon (County),20
MO,Shelby (County),19
MO,St. Charles (County),16
MO,St. Clair (County),18
MO,St. Francois (County),15
MO,St. Louis,17
MO,St. Louis (County),19
MO,Statewide,1
MO,Ste. Genevieve (County),22
MO,Stoddard (County),19
MO,Stone (County),20
MO,Sullivan (County),20
MO,Taney (County),20
MO,Texas (County),20
MO,Vernon (County),17
MO,Warren (County),11
MO,Washington (County),18
MO,Wayne (County),17
MO,Webster (County),25
MO,Worth (County),14
MO,Wright (County),21
MP,Northern Islands (Municipality),6
MP,Rota (Municipality),14
MP,Saipan (Municipality),13
MP,Tinian (Municipality),13
MS,Adams (County),12
MS,Alcorn (County),9
MS,Amite (County),15
MS,Attala (County),13
MS,Benton (County),8
MS,Bolivar (County),12
MS,Calhoun (County),11
MS,Carroll (County),12
MS,Chickasaw (County),13
MS,Choctaw (County),11
MS,Claiborne (County),14
MS,Clarke (County),14
MS,Clay (County),16
MS,Coahoma (County),13
MS,Copiah (County),11
MS,Covington (County),16
MS,DeSoto (County),9
MS,Forrest (County),17
MS,Franklin (County),11
MS,George (County),17
MS,Greene (County),17
MS,Grenada (County),12
MS,Hancock (County),16
MS,Harrison (County),16
MS,Hinds (County),13
MS,Holmes (County),18
MS,Humphreys (County),9
MS,Issaquena (County),12
MS,Itawamba (County),13
MS,Jackson (County),17
MS,Jasper (County),13
MS,Jefferson (County),13
MS,Jefferson Davis (County),19
MS,Jones (County),17
MS,Kemper (County),10
MS,Lafayette (County),11
MS,Lamar (County),15
MS,Lauderdale (County),10
MS,Lawrence (County),15
MS,Leake (County),13
MS,Lee (County),12
MS,Leflore (County),9
MS,Lincoln (County),15
MS,Lowndes (County),11
MS,Madison (County),11
MS,Marion (County),19
MS,Marshall (County),8
MS,Mississippi Choctaw Indian Reservation,3
MS,Monroe (County),14
MS,Montgomery (County),11
MS,Neshoba (County),12
MS,Newton (County),12
MS,Noxubee (County),12
MS,Oktibbeha (County),12
MS,Panola (County),13
MS,Pearl River (County),18
MS,Perry (County),15
MS,Pike (County),14
MS,Pontotoc (County),10
MS,Prentiss (County),12
MS,Quitman (County),12
MS,Rankin (County),10
MS,Scott (County),12
MS,Sharkey (County),9
MS,Simpson (County),12
MS,Smith (County),12
MS,Stone (County),16
MS,Sunflower (County),11
MS,Tallahatchie (County),11
MS,Tate (County),9
MS,Tippah (County),10
MS,Tishomingo (County),9
MS,Tunica (County),10
MS,Union (County),9
MS,Walthall (County),15
MS,Warren (County),15
MS,Washington (County),13
MS,Wayne (County),17
MS,Webster (County),11
MS,Wilkinson (County),16
MS,Winston (County),10
MS,Yalobusha (County),7
MS,Yazoo (County),15
MT,Beaverhead (County),3
MT,Big Horn (County),5
MT,Blackfeet Indian Reservation,5
MT,Blaine (County),7
MT,Broadwater (County),5
MT,Carbon (County),5
MT,Carter (County),7
MT,Cascade (County),4
MT,Chouteau (County),6
MT,Crow Indian Reservation,4
MT,Crow/Northern Cheyenne Area,3
MT,Custer (County),8
MT,Daniels (County),5
MT,Dawson (County),6
MT,Deer Lodge (County),4
MT,Fallon (County),7
MT,Fergus (County),5
MT,Flathead (County),7
MT,Flathead Indian Reservation,2
MT,Fort Belknap Indian Reservation,5
MT,Fort Peck Indian Reservation,5
MT,Gallatin (County),5
MT,Garfield (County),8
MT,Glacier (County),6
MT,Golden Valley (County),6
MT,Granite (County),4
MT,Hill (County),8
MT,Jefferson (County),6
MT,Judith Basin (County),4
MT,Lake (County),5
MT,Lewis and Clark (County),10
MT,Liberty (County),7
MT,Lincoln (County),5
MT,Madison (County),4
MT,McCone (County),7
MT,Meagher (County),4
MT,Mineral (County),5
MT,Missoula (County),12
MT,Musselshell (County),10
MT,Northern Cheyenne Indian Reservation,3
MT,Park (County),7
MT,Petroleum (County),8
MT,Phillips (County),4
MT,Pondera (County),9
MT,Powder River (County),9
MT,Powell (County),8
MT,Prairie (County),5
MT,Ravalli (County),8
MT,Richland (County),6
MT,Rocky Boy's Indian Reservation,5
MT,Roosevelt (County),5
MT,Rosebud (County),9
MT,Sanders (County),7
MT,Sheridan (County),5
MT,Silver Bow (County),3
MT,Stillwater (County),10
MT,Sweet Grass (County),6
MT,Teton (County),6
MT,Toole (County),7
MT,Treasure (County),6
MT,Valley (County),8
MT,Wheatland (County),5
MT,Wibaux (County),5
MT,Yellowstone (County),9
NC,Alamance (County),14
NC,Alexander (County),9
NC,Alleghany (County),11
NC,Anson (County),11
NC,Ashe (County),13
NC,Avery (County),11
NC,Beaufort (County),17
NC,Bertie (County),16
NC,Bladen (County),16
NC,Brunswick (County),19
NC,Buncombe (County),11
NC,Burke (County),12
NC,Cabarrus (County),9
NC,Caldwell (County),11
NC,Camden (County),15
NC,Carteret (County),16
NC,Caswell (County),11
NC,Catawba (County),9
NC,Chatham (County),11
NC,Cherokee (County),7
NC,Chowan (County),14
NC,Clay (County),6
NC,Cleveland (County),9
NC,Coharie (TDSA),1
NC,Columbus (County),16
NC,Craven (County),18
NC,Cumberland (County),14
NC,Currituck (County),15
NC,Dare (County),17
NC,Davidson (County),13
NC,Davie (County),10
NC,Duplin (County),15
NC,Durham (County),10
NC,Eastern Band of Cherokee Indians of North Carolina,10
NC,Edgecombe (County),14
NC,Forsyth (County),11
NC,Franklin (County),10
NC,Gaston (County),9
NC,Gates (County),13
NC,Graham (County),8
NC,Granville (County),13
NC,Greene (County),16
NC,Guilford (County),13
NC,Halifax (County),15
NC,Haliwa-Saponi (TDSA),1
NC,Harnett (County),12
NC,Haywood (County),9
NC,Henderson (County),9
NC,Hertford (County),15
NC,Hoke (County),12
NC,Hyde (County),18
NC,Iredell (County),9
NC,Jackson (County),10
NC,Johnston (County),15
NC,Jones (County),17
NC,Lee (County),11
NC,Lenoir (County),15
NC,Lincoln (County),9
NC,Lumbee (TDSA),1
NC,Macon (County),9
NC,Madison (County),12
NC,Martin (County),14
NC,McDowell (County),12
NC,Mecklenburg (County),8
NC,Meherrin (TDSA),1
NC,Mitchell (County),11
NC,Montgomery (County),11
NC,Moore (County),10
NC,Nash (County),13
NC,New Hanover (County),18
NC,Northampton (County),14
NC,Onslow (County),18
NC,Orange (County),13
NC,Pamlico (County),16
NC,Pasquotank (County),14
NC,Pender (County),18
NC,Perquimans (County),15
NC,Person (County),14
NC,Pitt (County),17
NC,Polk (County),12
NC,Randolph (County),13
NC,Richmond (County),10
NC,Robeson (County),13
NC,Rockingham (County),11
NC,Rowan (County),8
NC,Rutherford (County),11
NC,Sampson (County),14
NC,Scotland (County),10
NC,Stanly (County),9
NC,Stokes (County),11
NC,Surry (County),8
NC,Swain (County),8
NC,Transylvania (County),8
NC,Tyrrell (County),18
NC,Union (County),9
NC,Vance (County),11
NC,Waccamaw Siouan (TDSA),1
NC,Wake (County),11
NC,Warren (County),11
NC,Washington (County),16
NC,Watauga (County),11
NC,Wayne (County),16
NC,Wilkes (County),9
NC,Wilson (County),15
NC,Yadkin (County),9
NC,Yancey (County),12
ND,Adams (County),9
ND,Barnes (County),15
ND,Benson (County),18
ND,Billings (County),7
ND,Bottineau (County),15
ND,Bowman (County),9
ND,Burke (County),9
ND,Burleigh (County),9
ND,Cass (County),17
ND,Cavalier (County),14
ND,Devils Lake Sioux Indian Reservation,1
ND,Dickey (County),14
ND,Divide (County),7
ND,Dunn (County),9
ND,Eddy (County),12
ND,Emmons (County),10
ND,Fort Berthold Indian Reservation,8
ND,Foster (County),11
ND,Golden Valley (County),7
ND,Grand Forks (County),18
ND,Grant (County),11
ND,Griggs (County),9
ND,Hettinger (County),7
ND,Kidder (County),10
ND,LaMoure (County),13
ND,Lake Traverse Sisseton Indian Reservation,3
ND,Logan (County),12
ND,McHenry (County),17
ND,McIntosh (County),8
ND,McKenzie (County),12
ND,McLean (County),11
ND,Mercer (County),12
ND,Morton (County),12
ND,Mountrail (County),14
ND,Nelson (County),14
ND,Oliver (County),8
ND,Pembina (County),19
ND,Pierce (County),12
ND,Ramsey (County),14
ND,Ransom (County),16
ND,Renville (County),13
ND,Richland (County),17
ND,Rolette (County),11
ND,Sargent (County),14
ND,Sheridan (County),11
ND,Sioux (County),11
ND,Slope (County),6
ND,Spirit Lake Reservation,9
ND,Standing Rock Sioux Tribe of North & South Dakota,11
ND,Stark (County),8
ND,Steele (County),13
ND,Stutsman (County),12
ND,Towner (County),15
ND,Traill (County),18
ND,Turtle Mountain Indian Reservation,10
ND,Walsh (County),21
ND,Ward (County),14
ND,Wells (County),11
ND,Williams (County),8
NE,Adams (County),12
NE,Antelope (County),11
NE,Arthur (County),9
NE,Banner (County),6
NE,Blaine (County),12
NE,Boone (County),12
NE,Box Butte (County),8
NE,Boyd (County),13
NE,Brown (County),10
NE,Buffalo (County),11
NE,Burt (County),10
NE,Butler (County),12
NE,Cass (County),16
NE,Cedar (County),10
NE,Chase (County),10
NE,Cherry (County),10
NE,Cheyenne (County),8
NE,Clay (County),10
NE,Colfax (County),9
NE,Cuming (County),13
NE,Custer (County),14
NE,Dakota (County),11
NE,Dawes (County),9
NE,Dawson (County),9
NE,Deuel (County),9
NE,Dixon (County),14
NE,Dodge (County),10
NE,Douglas (County),13
NE,Dundy (County),10
NE,Fillmore (County),13
NE,Franklin (County),7
NE,Frontier (County),11
NE,Furnas (County),11
NE,Gage (County),15
NE,Garden (County),10
NE,Garfield (County),12
NE,Gosper (County),10
NE,Grant (County),4
NE,Greeley (County),15
NE,Hall (County),9
NE,Hamilton (County),13
NE,Harlan (County),9
NE,Hayes (County),13
NE,Hitchcock (County),5
NE,Holt (County),14
NE,Hooker (County),6
NE,Howard (County),15
NE,Iowa Indian Reservation (Also KS),2
NE,Jefferson (County),15
NE,Johnson (County),15
NE,Kearney (County),11
NE,Keith (County),7
NE,Keya Paha (County),11
NE,Kimball (County),6
NE,Knox (County),13
NE,Lancaster (County),9
NE,Lincoln (County),14
NE,Logan (County),13
NE,Loup (County),14
NE,Madison (County),12
NE,McPherson (County),9
NE,Merrick (County),9
NE,Morrill (County),14
NE,Nance (County),12
NE,Nemaha (County),17
NE,Nuckolls (County),12
NE,Omaha Indian Reservation,5
NE,Otoe (County),15
NE,Pawnee (County),15
NE,Perkins (County),10
NE,Phelps (County),10
NE,Pierce (County),12
NE,Pine Ridge Indian Reservation Trust Lands,1
NE,Platte (County),12
NE,Polk (County),12
NE,Ponca (TDSA),5
NE,Ponca TDSA,3
NE,Red Willow (County),9
NE,Richardson (County),16
NE,Rock (County),14
NE,Sac and Fox Indian Reservation (Also KS),3
NE,Saline (County),12
NE,Santee Indian Reservation,4
NE,Sarpy (County),12
NE,Saunders (County),14
NE,Scotts Bluff (County),7
NE,Seward (County),12
NE,Sheridan (County),8
NE,Sherman (County),11
NE,Sioux (County),11
NE,Stanton (County),11
NE,Thayer (County),11
NE,Thomas (County),9
NE,Thurston (County),16
NE,Valley (County),14
NE,Washington (County),10
NE,Wayne (County),13
NE,Webster (County),9
NE,Wheeler (County),13
NE,Winnebago Indian Reservation,4
NE,York (County),13
NH,Belknap (County),20
NH,Carroll (County),22
NH,Cheshire (County),21
NH,Coos (County),18
NH,Grafton (County),24
NH,"Hillsborough (County)(in (P)MSA 4560,4760,5350)",22
NH,Merrimack (County),21
NH,"Rockingham (County)(in (P)MSA 4160,4760,6450)",23
NH,Strafford (County),19
NH,Sullivan (County),21
NJ,Atlantic (County),19
NJ,Bergen (County),18
NJ,Burlington (County),20
NJ,Camden (County),16
NJ,Cape May (County),16
NJ,Cumberland (County),17
NJ,Essex (County),18
NJ,Gloucester (County),17
NJ,Hudson (County),14
NJ,Hunterdon (County),17
NJ,Mercer (County),18
NJ,Middlesex (County),15
NJ,Monmouth (County),13
NJ,Morris (County),17
NJ,Ocean (County),17
NJ,Passaic (County),18
NJ,Ramapough (TDSA),1
NJ,Rankokus Indian Reservation,1
NJ,Salem (County),14
NJ,Somerset (County),16
NJ,Sussex (County),16
NJ,Union (County),16
NJ,Warren (County),17
NM,Alamo Navajo Indian Reservation,2
NM,Bernalillo (County),9
NM,Canoncito Indian Reservation,2
NM,Catron (County),6
NM,Chaves (County),4
NM,Cibola (County),7
NM,Cochiti Pueblo (Indian Reservation),5
NM,Colfax (County),12
NM,Curry (County),5
NM,DeBaca (County),4
NM,Dona Ana (County),5
NM,Eddy (County),7
NM,Grant (County),6
NM,Guadalupe (County),6
NM,Harding (County),5
NM,Hidalgo (County),4
NM,Isleta Pueblo (Indian Reservation),4
NM,Jemez Pueblo (Indian Reservation),5
NM,Jicarilla Apache Indian Reservation,2
NM,Laguna Pueblo (Indian Reservation),2
NM,Lea (County),5
NM,Lincoln (County),16
NM,Los Alamos (County),7
NM,Luna (County),5
NM,McKinley (County),6
NM,Mescalero Tribe,4
NM,Mora (County),10
NM,Nambe Pueblo (Indian Reservation),2
NM,Navajo Nation Reservation (Also  AZ and UT),6
NM,Otero (County),15
NM,Pueblo of Acoma,8
NM,Pueblo of Picuris,4
NM,Pueblo of Pojoaque,3
NM,Pueblo of San Felipe,4
NM,Pueblo of Santa Ana,3
NM,Pueblo of Santa Clara,5
NM,Pueblo of Taos,4
NM,Quay (County),4
NM,Ramah Navajo Community (Indian Reservation),2
NM,Rio Arriba (County),9
NM,Roosevelt (County),4
NM,San Felipe Pueblo (Indian Reservation),4
NM,San Felipe/Santa Ana Joint Area,2
NM,San Felipe/Santo Domingo Joint Area,2
NM,San Ildefonso Pueblo (Indian Reservation),2
NM,San Juan (County),6
NM,San Juan Pueblo (Indian Reservation),2
NM,San Miguel (County),11
NM,Sandia Pueblo (Indian Reservation),5
NM,Sandoval (County),15
NM,Santa Ana Pueblo (Indian Reservation),2
NM,Santa Clara Pueblo (Indian Reservation),7
NM,Santa Fe (County),6
NM,Santo Domingo Pueblo (Indian Reservation),5
NM,Sierra (County),8
NM,Socorro (County),9
NM,Statewide,1
NM,Taos (County),6
NM,Taos Pueblo (Indian Reservation),2
NM,Tesuque Pueblo (Indian Reservation),2
NM,Torrance (County),9
NM,Union (County),3
NM,Ute Mountain Indian Reservation (Also CO),2
NM,Valencia (County),6
NM,Zia Pueblo (Indian Reservation),4
NM,Zuni Pueblo (Indian Reservation),5
NV,Battle Mountain Reservation,2
NV,Campbell Ranch (Reservation),2
NV,Carson City,13
NV,Carson Colony (Indian Reservation),2
NV,Churchill (County),6
NV,Clark (County),11
NV,Douglas (County),17
NV,Dresslerville Colony (Reservation),2
NV,Duck Valley (Western Shoshone) Indian Reservation (A,2
NV,Duckwater Indian Reservation,2
NV,Elko (County),17
NV,Elko Colony (Reservation),2
NV,Ely Colony (Reservation),2
NV,Esmeralda (County),3
NV,Eureka (County),6
NV,Fallon Colony (Reservation),2
NV,Fallon Indian Reservation,2
NV,Fort McDermitt Indian Reservation (Also OR),2
NV,Fort Mojave Indian Reservation (Also AZ),2
NV,Goshute Indian Reservation (Also UT),2
NV,Humboldt (County),6
NV,Lander (County),5
NV,Las Vegas Colony (Reservation),2
NV,Lincoln (County),7
NV,Lovelock Colony (Reservation),2
NV,Lyon (County),10
NV,Mineral (County),5
NV,Moapa River Indian Reservation,3
NV,Nye (County),5
NV,Pershing (County),4
NV,Pyramid Lake Indian Reservation,4
NV,Reno-Sparks Colony (Reservation),3
NV,South Fork Reservation and Trust Lands,2
NV,Stewart Community,2
NV,Storey (County),9
NV,Summit Lake Indian Reservation,2
NV,Walker River Indian Reservation,2
NV,Washoe (County),33
NV,Washoe Indian Reservation,4
NV,Wells Colony (Reservation),2
NV,White Pine (County),5
NV,Winnemucca Colony (Reservation),2
NV,Yerington Indian Reservation,2
NV,Yomba Indian Reservation,2
NY,Albany (County),16
NY,Allegany (County),14
NY,Bronx (County),13
NY,Broome (County),21
NY,Cattaraugus (County),15
NY,Cayuga (County),12
NY,Cayuga Nation (TDSA),3
NY,Chautauqua (County),17
NY,Chemung (County),13
NY,Chenango (County),24
NY,Clinton (County),13
NY,Columbia (County),20
NY,Cortland (County),14
NY,Delaware (County),28
NY,Dutchess (County),14
NY,Erie (County),16
NY,Essex (County),15
NY,Franklin (County),13
NY,Fulton (County),15
NY,Genesee (County),13
NY,Greene (County),21
NY,Hamilton (County),15
NY,Herkimer (County),19
NY,Jefferson (County),11
NY,Kings (County),15
NY,Lewis (County),14
NY,Livingston (County),12
NY,Madison (County),18
NY,Monroe (County),11
NY,Montgomery (County),20
NY,Nassau (County),15
NY,New York (County),12
NY,Niagara (County),16
NY,Oneida (County),20
NY,Oneida (East) Indian Reservation,3
NY,Onondaga (County),11
NY,Ontario (County),12
NY,Orange (County),21
NY,Orleans (County),15
NY,Oswego (County),13
NY,Otsego (County),22
NY,Putnam (County),15
NY,Queens (County),15
NY,Rensselaer (County),18
NY,Richmond (County),16
NY,Rockland (County),15
NY,Saratoga (County),14
NY,Schenectady (County),19
NY,Schoharie (County),22
NY,Schuyler (County),10
NY,Seneca (County),10
NY,St. Lawrence (County),10
NY,St. Regis Mohawk Indian Reservation,1
NY,Statewide,1
NY,Steuben (County),12
NY,Suffolk (County),18
NY,Sullivan (County),23
NY,Tioga (County),19
NY,Tompkins (County),11
NY,Ulster (County),23
NY,Warren (County),15
NY,Washington (County),12
NY,Wayne (County),11
NY,Westchester (County),16
NY,Wyoming (County),12
NY,Yates (County),12
OH,Adams (County),12
OH,Allen (County),8
OH,Ashland (County),9
OH,Ashtabula (County),9
OH,Athens (County),13
OH,Auglaize (County),10
OH,Belmont (County),12
OH,Brown (County),12
OH,Butler (County),8
OH,Carroll (County),9
OH,Champaign (County),9
OH,Clark (County),9
OH,Clermont (County),10
OH,Clinton (County),7
OH,Columbiana (County),11
OH,Coshocton (County),10
OH,Crawford (County),11
OH,Cuyahoga (County),11
OH,Darke (County),10
OH,Defiance (County),5
OH,Delaware (County),11
OH,Erie (County),8
OH,Fairfield (County),9
OH,Fayette (County),7
OH,Franklin (County),14
OH,Fulton (County),5
OH,Gallia (County),10
OH,Geauga (County),9
OH,Greene (County),10
OH,Guernsey (County),13
OH,Hamilton (County),10
OH,Hancock (County),9
OH,Hardin (County),10
OH,Harrison (County),12
OH,Henry (County),7
OH,Highland (County),8
OH,Hocking (County),13
OH,Holmes (County),8
OH,Huron (County),11
OH,Jackson (County),10
OH,Jefferson (County),12
OH,Knox (County),10
OH,Lake (County),8
OH,Lawrence (County),10
OH,Licking (County),12
OH,Logan (County),10
OH,Lorain (County),9
OH,Lucas (County),7
OH,Madison (County),9
OH,Mahoning (County),9
OH,Marion (County),8
OH,Medina (County),9
OH,Meigs (County),11
OH,Mercer (County),8
OH,Miami (County),11
OH,Monroe (County),13
OH,Montgomery (County),10
OH,Morgan (County),12
OH,Morrow (County),10
OH,Muskingum (County),11
OH,Noble (County),13
OH,Ottawa (County),6
OH,Paulding (County),8
OH,Perry (County),14
OH,Pickaway (County),9
OH,Pike (County),12
OH,Portage (County),8
OH,Preble (County),8
OH,Putnam (County),9
OH,Richland (County),11
OH,Ross (County),10
OH,Sandusky (County),8
OH,Scioto (County),10
OH,Seneca (County),9
OH,Shelby (County),10
OH,Stark (County),9
OH,Summit (County),10
OH,Trumbull (County),7
OH,Tuscarawas (County),9
OH,Union (County),11
OH,Van Wert (County),9
OH,Vinton (County),11
OH,Warren (County),8
OH,Washington (County),12
OH,Wayne (County),7
OH,Williams (County),5
OH,Wood (County),6
OH,Wyandot (County),10
OK,Absentee Shawnee-Citizens Band of Potawatomi (TJSA),3
OK,Adair (County),19
OK,Alfalfa (County),24
OK,Atoka (County),18
OK,Beaver (County),23
OK,Beckham (County),23
OK,Blaine (County),24
OK,Bryan (County),19
OK,Caddo (County),31
OK,Caddo-Wichita-Delaware (OTSA),3
OK,Canadian (County),27
OK,Carter (County),21
OK,Cherokee (County),21
OK,Cherokee (OTSA),3
OK,Cherokee (TJSA),2
OK,Cheyenne-Arapaho (OTSA),2
OK,Chickasaw (OTSA),3
OK,Choctaw,3
OK,Choctaw (County),15
OK,Choctaw (OTSA),2
OK,Cimarron (County),15
OK,Citizen Potawatomi Nation-Absentee Shawnee Tribe (OT,3
OK,Cleveland (County),27
OK,Coal (County),20
OK,Comanche (County),27
OK,Cotton (County),24
OK,Craig (County),24
OK,Creek (County),31
OK,Creek (OTSA),4
OK,Creek-Seminole Joint Area (OTSA),2
OK,Custer (County),22
OK,Delaware (County),25
OK,Dewey (County),27
OK,Eastern Shawnee (OTSA),2
OK,Eastern Shawnee-Wyandotte (OTSA),2
OK,Ellis (County),22
OK,Garfield (County),18
OK,Garvin (County),24
OK,Grady (County),27
OK,Grant (County),22
OK,Greer (County),18
OK,Harmon (County),16
OK,Harper (County),16
OK,Haskell (County),24
OK,Hughes (County),21
OK,Iowa (OTSA),2
OK,Iowa-Sac and Fox Joint Area (OTSA),2
OK,Jackson (County),21
OK,Jefferson (County),19
OK,Johnston (County),16
OK,Kaw (OTSA),3
OK,Kaw-Ponca (Joint Area),2
OK,Kay (County),25
OK,Kickapoo (OTSA),2
OK,Kingfisher (County),23
OK,Kiowa (County),26
OK,Kiowa-Comanche-Apache-Fort Sill Apache (OTSA),2
OK,Kiowa-Comanche-Apache-Fort Sill Apache-Caddo-Wichita,2
OK,Latimer (County),19
OK,Le Flore (County),22
OK,Lincoln (County),26
OK,Logan (County),29
OK,Love (County),18
OK,Major (County),23
OK,Marshall (County),13
OK,Mayes (County),22
OK,McClain (County),28
OK,McCurtain (County),17
OK,McIntosh (County),26
OK,Miami (OTSA),2
OK,Miami-Peoria (Joint Area),2
OK,Modoc (OTSA),2
OK,Murray (County),16
OK,Muskogee (County),27
OK,Noble (County),21
OK,Nowata (County),25
OK,Okfuskee (County),31
OK,Oklahoma (County),35
OK,Okmulgee (County),29
OK,Osage (County),26
OK,Osage Indian Reservation,3
OK,Otoe-Missouria (OTSA),2
OK,Ottawa (County),25
OK,Ottowa (OTSA),2
OK,Pawnee (County),23
OK,Pawnee (OTSA),4
OK,Payne (County),21
OK,Peoria (OTSA),3
OK,Pittsburg (County),24
OK,Ponca (OTSA),3
OK,Pontotoc (County),18
OK,Pottawatomie (County),28
OK,Pushmataha (County),22
OK,Quapaw (OTSA),3
OK,Roger Mills (County),25
OK,Rogers (County),21
OK,Sac and Fox (OTSA),2
OK,Seminole (County),24
OK,Seminole (OTSA),2
OK,Seneca-Cayuga (OTSA),2
OK,Sequoyah (County),23
OK,Statewide,2
OK,Stephens (County),24
OK,Texas (County),17
OK,Tillman (County),25
OK,Tonkawa (OTSA),2
OK,Tulsa (County),21
OK,Wagoner (County),21
OK,Washington (County),20
OK,Washita (County),26
OK,Woods (County),20
OK,Woodward (County),23
OK,Wyandotte (OTSA),2
OR,Baker (County),7
OR,Benton (County),9
OR,Clackamas (County),14
OR,Clatsop (County),11
OR,Columbia (County),12
OR,Coos (County),11
OR,"Coos,Lower Unqua and Siuslaw Indian Reservation",1
OR,Crook (County),6
OR,Curry (County),13
OR,Deschutes (County),12
OR,Douglas (County),18
OR,Gilliam (County),5
OR,Grand Ronde Indian Reservation,1
OR,Grant (County),7
OR,Harney (County),5
OR,Hood River (County),12
OR,Jackson (County),15
OR,Jefferson (County),14
OR,Josephine (County),18
OR,Klamath (County),10
OR,Klamath TDSA,1
OR,Lake (County),7
OR,Lane (County),13
OR,Lincoln (County),16
OR,Linn (County),14
OR,Malheur (County),4
OR,Marion (County),9
OR,Morrow (County),4
OR,Multnomah (County),8
OR,Polk (County),10
OR,Sherman (County),6
OR,Siletz Indian Reservation,2
OR,Statewide,1
OR,Tillamook (County),15
OR,Umatilla (County),7
OR,Umatilla Indian Reservation,1
OR,Union (County),5
OR,Wallowa (County),6
OR,Warm Springs Indian Reservation,2
OR,Wasco (County),14
OR,Washington (County),10
OR,Wheeler (County),7
OR,Yamhill (County),11
PA,Adams (County),12
PA,Allegheny (County),8
PA,Armstrong (County),8
PA,Beaver (County),7
PA,Bedford (County),12
PA,Berks (County),13
PA,Blair (County),11
PA,Bradford (County),15
PA,Bucks (County),16
PA,Butler (County),7
PA,Cambria (County),9
PA,Cameron (County),7
PA,Carbon (County),9
PA,Centre (County),9
PA,Chester (County),16
PA,Clarion (County),7
PA,Clearfield (County),7
PA,Clinton (County),9
PA,Columbia (County),12
PA,Crawford (County),8
PA,Cumberland (County),11
PA,Dauphin (County),13
PA,Delaware (County),14
PA,Elk (County),6
PA,Erie (County),6
PA,Fayette (County),10
PA,Forest (County),8
PA,Franklin (County),12
PA,Fulton (County),11
PA,Greene (County),8
PA,Huntingdon (County),12
PA,Indiana (County),8
PA,Jefferson (County),7
PA,Juniata (County),12
PA,Lackawanna (County),13
PA,Lancaster (County),13
PA,Lawrence (County),8
PA,Lebanon (County),12
PA,Lehigh (County),11
PA,Luzerne (County),13
PA,Lycoming (County),12
PA,McKean (County),7
PA,Mercer (County),7
PA,Mifflin (County),9
PA,Monroe (County),13
PA,Montgomery (County),18
PA,Montour (County),11
PA,Northampton (County),16
PA,Northumberland (County),10
PA,Perry (County),12
PA,Philadelphia (County),16
PA,Pike (County),11
PA,Potter (County),8
PA,Schuylkill (County),13
PA,Snyder (County),9
PA,Somerset (County),11
PA,Statewide,2
PA,Sullivan (County),17
PA,Susquehanna (County),14
PA,Tioga (County),12
PA,Union (County),9
PA,Venango (County),8
PA,Warren (County),7
PA,Washington (County),7
PA,Wayne (County),14
PA,Westmoreland (County),9
PA,Wyoming (County),17
PA,York (County),12
PR,Adjuntas (Municipio),17
PR,Aguada (Municipio),13
PR,Aguadilla (Municipio),10
PR,Aguas Buenas (Municipio),13
PR,Aibonito (Municipio),14
PR,Anasco (Municipio),15
PR,Arecibo (Municipio),13
PR,Arroyo (Municipio),13
PR,Barceloneta (Municipio),11
PR,Barranquitas (Municipio),14
PR,Bayamon (Municipio),14
PR,Cabo Rojo (Municipio),14
PR,Caguas (Municipio),12
PR,Camuy (Municipio),12
PR,Canovanas (Municipio),13
PR,Carolina (Municipio),12
PR,Catano (Municipio),13
PR,Cayey (Municipio),13
PR,Ceiba (Municipio),12
PR,Ciales (Municipio),15
PR,Cidra (Municipio),11
PR,Coamo (Municipio),14
PR,Comerio (Municipio),12
PR,Corozal (Municipio),14
PR,Culebra (Municipio),13
PR,Dorado (Municipio),12
PR,Fajardo (Municipio),13
PR,Florida (Municipio),10
PR,Guanica (Municipio),15
PR,Guayama (Municipio),14
PR,Guayanilla (Municipio),14
PR,Guaynabo (Municipio),13
PR,Gurabo (Municipio),13
PR,Hatillo (Municipio),12
PR,Hormigueros (Municipio),13
PR,Humacao (Municipio),12
PR,Isabela (Municipio),10
PR,Jayuya (Municipio),16
PR,Juana Diaz (Municipio),15
PR,Juncos (Municipio),15
PR,Lajas (Municipio),14
PR,Lares (Municipio),14
PR,Las Marias (Municipio),15
PR,Las Piedras (Municipio),14
PR,Loiza (Municipio),13
PR,Luquillo (Municipio),13
PR,Manati (Municipio),10
PR,Maricao (Municipio),15
PR,Maunabo (Municipio),13
PR,Mayaguez (Municipio),13
PR,Moca (Municipio),12
PR,Morovis (Municipio),15
PR,Naguabo (Municipio),15
PR,Naranjito (Municipio),15
PR,Orocovis (Municipio),18
PR,Patillas (Municipio),15
PR,Penuelas (Municipio),14
PR,Ponce (Municipio),15
PR,Quebradillas (Municipio),11
PR,Rincon (Municipio),13
PR,Rio Grande (Municipio),12
PR,Sabana Grande (Municipio),16
PR,Salinas (Municipio),17
PR,San German (Municipio),15
PR,San Juan (Municipio),13
PR,San Lorenzo (Municipio),15
PR,San Sebastian (Municipio),12
PR,Santa Isabel (Municipio),15
PR,Toa Alta (Municipio),11
PR,Toa Baja (Municipio),14
PR,Trujillo Alto (Municipio),12
PR,Utuado (Municipio),21
PR,Vega Alta (Municipio),13
PR,Vega Baja (Municipio),14
PR,Vieques (Municipio),14
PR,Villalba (Municipio),17
PR,Yabucoa (Municipio),18
PR,Yauco (Municipio),19
RI,Bristol (County),12
RI,Grand Ronde Indian Reservation,1
RI,Kent (County),12
RI,Narragansett Indian Reservation,2
RI,"Newport (County)(in PMSA 2480,6480)",13
RI,"Providence (County)(in PMSA 6060,6480)",12
RI,Statewide,1
RI,"Washington (County)(in (P)MSA 5520,6480)",13
SC,Abbeville (County),11
SC,Aiken (County),14
SC,Allendale (County),14
SC,Anderson (County),13
SC,Bamberg (County),15
SC,Barnwell (County),15
SC,Beaufort (County),13
SC,Berkeley (County),18
SC,Calhoun (County),16
SC,Catawba Indian Reservation,8
SC,Charleston (County),16
SC,Cherokee (County),14
SC,Chester (County),13
SC,Chesterfield (County),15
SC,Clarendon (County),16
SC,Colleton (County),16
SC,Darlington (County),15
SC,Dillon (County),17
SC,Dorchester (County),15
SC,Edgefield (County),12
SC,Fairfield (County),13
SC,Florence (County),16
SC,Georgetown (County),18
SC,Greenville (County),16
SC,Greenwood (County),11
SC,Hampton (County),14
SC,Horry (County),21
SC,Jasper (County),13
SC,Kershaw (County),14
SC,Lancaster (County),13
SC,Laurens (County),13
SC,Lee (County),14
SC,Lexington (County),14
SC,Marion (County),17
SC,Marlboro (County),15
SC,McCormick (County),12
SC,Newberry (County),14
SC,Oconee (County),15
SC,Orangeburg (County),16
SC,Pickens (County),15
SC,Richland (County),14
SC,Saluda (County),13
SC,Spartanburg (County),15
SC,Sumter (County),16
SC,Union (County),12
SC,Williamsburg (County),18
SC,York (County),12
SD,Aurora (County),12
SD,Beadle (County),11
SD,Bennett (County),9
SD,Bon Homme (County),6
SD,Bon Homme (Township of),1
SD,Brookings (County),9
SD,Brown (County),10
SD,Brule (County),14
SD,Buffalo (County),11
SD,Butte (County),14
SD,Campbell (County),8
SD,Charles Mix (County),9
SD,Cheyenne River Indian Reservation,13
SD,Clark (County),11
SD,Clay (County),10
SD,Codington (County),11
SD,Corson (County),11
SD,Crow Creek Indian Reservation,5
SD,Custer (County),9
SD,Davison (County),7
SD,Day (County),13
SD,Deuel (County),12
SD,Dewey (County),12
SD,Douglas (County),10
SD,Edmunds (County),11
SD,Fall River (County),11
SD,Faulk (County),9
SD,Flandreau Indian Reservation,4
SD,Grant (County),11
SD,Gregory (County),15
SD,Haakon (County),10
SD,Hamlin (County),11
SD,Hand (County),10
SD,Hanson (County),13
SD,Harding (County),10
SD,Hughes (County),9
SD,Hutchinson (County),12
SD,Hyde (County),8
SD,Jackson (County),15
SD,Jerauld (County),13
SD,Jones (County),8
SD,Kingsbury (County),11
SD,Lake (County),9
SD,Lake Traverse (Sisseton) Indian Reservation,7
SD,Lawrence (County),11
SD,Lincoln (County),9
SD,Lower Brule Indian Reservation,5
SD,Lyman (County),10
SD,Marshall (County),12
SD,McCook (County),11
SD,McPherson (County),8
SD,Meade (County),13
SD,Mellette (County),10
SD,Miner (County),10
SD,Minnehaha (County),9
SD,Moody (County),10
SD,Northern Cheyenne Reservation and Trust Lands (&MT),2
SD,Oglala Lakota (County),10
SD,Oglala Sioux Tribe of the Pine Ridge Reservation,13
SD,Pennington (County),10
SD,Perkins (County),17
SD,Potter (County),7
SD,Roberts (County),12
SD,Rosebud Indian Reservation,7
SD,Sanborn (County),12
SD,Spink (County),12
SD,Standing Rock Sioux Tribe of North & South Dakota,6
SD,Stanley (County),8
SD,Sully (County),9
SD,Todd (County),9
SD,Tripp (County),12
SD,Turner (County),15
SD,Turtle Mountain Reservation and Trust Lands (& ND),2
SD,Union (County),12
SD,Walworth (County),6
SD,Yankton (County),9
SD,Yankton Indian Reservation,3
SD,Ziebach (County),14
TN,Anderson (County),12
TN,Bedford (County),8
TN,Benton (County),13
TN,Bledsoe (County),13
TN,Blount (County),10
TN,Bradley (County),7
TN,Campbell (County),11
TN,Cannon (County),8
TN,Carroll (County),13
TN,Carter (County),7
TN,Cheatham (County),8
TN,Chester (County),8
TN,Claiborne (County),10
TN,Clay (County),10
TN,Cocke (County),11
TN,Coffee (County),7
TN,Crockett (County),8
TN,Cumberland (County),12
TN,Davidson (County),10
TN,DeKalb (County),9
TN,Decatur (County),13
TN,Dickson (County),11
TN,Dyer (County),11
TN,Fayette (County),12
TN,Fentress (County),12
TN,Franklin (County),5
TN,Gibson (County),11
TN,Giles (County),11
TN,Grainger (County),10
TN,Greene (County),7
TN,Grundy (County),7
TN,Hamblen (County),5
TN,Hamilton (County),12
TN,Hancock (County),8
TN,Hardeman (County),7
TN,Hardin (County),14
TN,Hawkins (County),7
TN,Haywood (County),11
TN,Henderson (County),12
TN,Henry (County),10
TN,Hickman (County),11
TN,Houston (County),15
TN,Humphreys (County),13
TN,Jackson (County),15
TN,Jefferson (County),9
TN,Johnson (County),8
TN,Knox (County),9
TN,Lake (County),11
TN,Lauderdale (County),9
TN,Lawrence (County),11
TN,Lewis (County),12
TN,Lincoln (County),8
TN,Loudon (County),11
TN,Macon (County),8
TN,Madison (County),12
TN,Marion (County),11
TN,Marshall (County),10
TN,Maury (County),9
TN,McMinn (County),8
TN,McNairy (County),11
TN,Meigs (County),9
TN,Monroe (County),8
TN,Montgomery (County),11
TN,Moore (County),8
TN,Morgan (County),9
TN,Obion (County),10
TN,Overton (County),9
TN,Perry (County),11
TN,Pickett (County),9
TN,Polk (County),9
TN,Putnam (County),8
TN,Rhea (County),11
TN,Roane (County),12
TN,Robertson (County),6
TN,Rutherford (County),7
TN,Scott (County),11
TN,Sequatchie (County),11
TN,Sevier (County),12
TN,Shelby (County),15
TN,Smith (County),10
TN,Stewart (County),9
TN,Sullivan (County),4
TN,Sumner (County),9
TN,Tipton (County),11
TN,Trousdale (County),6
TN,Unicoi (County),7
TN,Union (County),7
TN,Van Buren (County),8
TN,Warren (County),9
TN,Washington (County),6
TN,Wayne (County),13
TN,Weakley (County),10
TN,White (County),5
TN,Williamson (County),6
TN,Wilson (County),6
TX,Alabama and Coushatta Indian Reservation,3
TX,Anderson (County),16
TX,Andrews (County),11
TX,Angelina (County),14
TX,Aransas (County),19
TX,Archer (County),14
TX,Armstrong (County),9
TX,Atascosa (County),13
TX,Austin (County),14
TX,Bailey (County),10
TX,Bandera (County),9
TX,Bastrop (County),20
TX,Baylor (County),11
TX,Bee (County),16
TX,Bell (County),12
TX,Bexar (County),20
TX,Blanco (County),10
TX,Borden (County),9
TX,Bosque (County),14
TX,Bowie (County),15
TX,Brazoria (County),20
TX,Brazos (County),11
TX,Brewster (County),9
TX,Briscoe (County),10
TX,Brooks (County),16
TX,Brown (County),15
TX,Burleson (County),11
TX,Burnet (County),12
TX,Caldwell (County),15
TX,Calhoun (County),18
TX,Callahan (County),17
TX,Cameron (County),20
TX,Camp (County),9
TX,Carson (County),9
TX,Cass (County),17
TX,Castro (County),9
TX,Chambers (County),15
TX,Cherokee (County),17
TX,Childress (County),9
TX,Clay (County),12
TX,Cochran (County),9
TX,Coke (County),10
TX,Coleman (County),11
TX,Collin (County),11
TX,Collingsworth (County),9
TX,Colorado (County),12
TX,Comal (County),14
TX,Comanche (County),12
TX,Concho (County),8
TX,Cooke (County),10
TX,Coryell (County),13
TX,Cottle (County),11
TX,Crane (County),8
TX,Crockett (County),9
TX,Crosby (County),10
TX,Culberson (County),8
TX,Dallam (County),7
TX,Dallas (County),15
TX,Dawson (County),10
TX,DeWitt (County),12
TX,Deaf Smith (County),10
TX,Delta (County),11
TX,Denton (County),14
TX,Dickens (County),10
TX,Dimmit (County),11
TX,Donley (County),9
TX,Duval (County),12
TX,Eastland (County),15
TX,Ector (County),10
TX,Edwards (County),11
TX,El Paso (County),11
TX,Ellis (County),15
TX,Erath (County),12
TX,Falls (County),8
TX,Fannin (County),11
TX,Fayette (County),12
TX,Fisher (County),11
TX,Floyd (County),10
TX,Foard (County),11
TX,Fort Bend (County),19
TX,Franklin (County),15
TX,Freestone (County),9
TX,Frio (County),12
TX,Gaines (County),9
TX,Galveston (County),18
TX,Garza (County),11
TX,Gillespie (County),9
TX,Glasscock (County),8
TX,Goliad (County),13
TX,Gonzales (County),12
TX,Gray (County),9
TX,Grayson (County),13
TX,Gregg (County),13
TX,Grimes (County),18
TX,Guadalupe (County),13
TX,Hale (County),7
TX,Hall (County),13
TX,Hamilton (County),9
TX,Hansford (County),8
TX,Hardeman (County),10
TX,Hardin (County),20
TX,Harris (County),22
TX,Harrison (County),19
TX,Hartley (County),9
TX,Haskell (County),11
TX,Hays (County),15
TX,Hemphill (County),9
TX,Henderson (County),14
TX,Hidalgo (County),20
TX,Hill (County),13
TX,Hockley (County),9
TX,Hood (County),12
TX,Hopkins (County),13
TX,Houston (County),16
TX,Howard (County),13
TX,Hudspeth (County),8
TX,Hunt (County),12
TX,Hutchinson (County),11
TX,Irion (County),8
TX,Jack (County),11
TX,Jackson (County),14
TX,Jasper (County),20
TX,Jeff Davis (County),14
TX,Jefferson (County),16
TX,Jim Hogg (County),16
TX,Jim Wells (County),20
TX,Johnson (County),11
TX,Jones (County),16
TX,Karnes (County),10
TX,Kaufman (County),12
TX,Kendall (County),11
TX,Kenedy (County),14
TX,Kent (County),10
TX,Kerr (County),8
TX,Kickapoo Reservation,2
TX,Kimble (County),11
TX,King (County),11
TX,Kinney (County),8
TX,Kleberg (County),17
TX,Knox (County),11
TX,La Salle (County),12
TX,Lamar (County),13
TX,Lamb (County),10
TX,Lampasas (County),9
TX,Lavaca (County),9
TX,Lee (County),12
TX,Leon (County),16
TX,Liberty (County),20
TX,Limestone (County),10
TX,Lipscomb (County),7
TX,Live Oak (County),15
TX,Llano (County),9
TX,Loving (County),7
TX,Lubbock (County),12
TX,Lynn (County),11
TX,Madison (County),16
TX,Marion (County),13
TX,Martin (County),9
TX,Mason (County),10
TX,Matagorda (County),16
TX,Maverick (County),9
TX,McCulloch (County),10
TX,McLennan (County),14
TX,McMullen (County),11
TX,Medina (County),11
TX,Menard (County),11
TX,Midland (County),13
TX,Milam (County),13
TX,Mills (County),9
TX,Mitchell (County),9
TX,Montague (County),13
TX,Montgomery (County),22
TX,Moore (County),9
TX,Morris (County),11
TX,Motley (County),11
TX,Nacogdoches (County),16
TX,Navarro (County),16
TX,Newton (County),18
TX,Nolan (County),13
TX,Nueces (County),21
TX,Ochiltree (County),8
TX,Oldham (County),9
TX,Orange (County),19
TX,Palo Pinto (County),16
TX,Panola (County),14
TX,Parker (County),15
TX,Parmer (County),9
TX,Pecos (County),9
TX,Polk (County),17
TX,Potter (County),14
TX,Presidio (County),10
TX,Rains (County),9
TX,Randall (County),12
TX,Reagan (County),8
TX,Real (County),11
TX,Red River (County),14
TX,Reeves (County),8
TX,Refugio (County),18
TX,Roberts (County),9
TX,Robertson (County),9
TX,Rockwall (County),9
TX,Runnels (County),8
TX,Rusk (County),14
TX,Sabine (County),17
TX,San Augustine (County),17
TX,San Jacinto (County),17
TX,San Patricio (County),21
TX,San Saba (County),11
TX,Schleicher (County),8
TX,Scurry (County),10
TX,Shackelford (County),11
TX,Shelby (County),16
TX,Sherman (County),7
TX,Smith (County),20
TX,Somervell (County),12
TX,Starr (County),15
TX,Statewide,3
TX,Stephens (County),16
TX,Sterling (County),8
TX,Stonewall (County),11
TX,Sutton (County),10
TX,Swisher (County),9
TX,Tarrant (County),16
TX,Taylor (County),12
TX,Terrell (County),8
TX,Terry (County),10
TX,Throckmorton (County),12
TX,Titus (County),13
TX,Tom Green (County),12
TX,Travis (County),26
TX,Trinity (County),16
TX,Tyler (County),18
TX,Upshur (County),14
TX,Upton (County),8
TX,Uvalde (County),11
TX,Val Verde (County),10
TX,Van Zandt (County),12
TX,Victoria (County),17
TX,Walker (County),26
TX,Waller (County),18
TX,Ward (County),7
TX,Washington (County),12
TX,Webb (County),15
TX,Wharton (County),16
TX,Wheeler (County),10
TX,Wichita (County),13
TX,Wilbarger (County),11
TX,Willacy (County),17
TX,Williamson (County),16
TX,Wilson (County),11
TX,Winkler (County),8
TX,Wise (County),11
TX,Wood (County),13
TX,Yoakum (County),7
TX,Young (County),12
TX,Ysleta del Sur Pueblo (Indian Reservation),2
TX,Zapata (County),11
TX,Zavala (County),11
UT,Beaver (County),5
UT,Box Elder (County),6
UT,Cache (County),5
UT,Carbon (County),3
UT,Daggett (County),5
UT,Davis (County),7
UT,Duchesne (County),6
UT,Emery (County),4
UT,Garfield (County),4
UT,Goshute Indian Reservation (Also NV),2
UT,Grand (County),3
UT,Iron (County),5
UT,Juab (County),4
UT,Kane (County),7
UT,Millard (County),7
UT,Morgan (County),4
UT,Navajo Nation Reservation (Also AZ and NM),2
UT,Northwestern Shoshoni Indian Reservation,2
UT,Paiute of Utah Indian Reservation,2
UT,Piute (County),4
UT,Rich (County),3
UT,Salt Lake (County),7
UT,San Juan (County),3
UT,Sanpete (County),6
UT,Sevier (County),5
UT,Skull Valley Indian Reservation,2
UT,Summit (County),5
UT,Tooele (County),6
UT,Uintah (County),6
UT,Uintah and Ouray Indian Reservation,5
UT,Utah (County),9
UT,Ute Mountain Indian Reservation,2
UT,Wasatch (County),6
UT,Washington (County),11
UT,Wayne (County),3
UT,Weber (County),6
VA,Accomack (County),10
VA,Albemarle (County),12
VA,Alexandria,13
VA,Alleghany (County),9
VA,Amelia (County),9
VA,Amherst (County),8
VA,Appomattox (County),10
VA,Arlington (County),15
VA,Augusta (County),9
VA,Bath (County),9
VA,Bedford,8
VA,Bedford (County),9
VA,Bland (County),7
VA,Botetourt (County),10
VA,Bristol,6
VA,Brunswick (County),8
VA,Buchanan (County),12
VA,Buckingham (County),8
VA,Buena Vista,8
VA,Campbell (County),9
VA,Caroline (County),12
VA,Carroll (County),6
VA,Charles City (County),10
VA,Charlotte (County),8
VA,Charlottesville,8
VA,Chesapeake,10
VA,Chesterfield (County),10
VA,Chickahominy (TDSA),2
VA,Clarke (County),11
VA,Colonial Heights,8
VA,Covington,7
VA,Craig (County),13
VA,Culpeper (County),12
VA,Cumberland (County),9
VA,Danville,10
VA,Dickenson (County),11
VA,Dinwiddie (County),11
VA,Eastern Chickahominy (TDSA),2
VA,Emporia,8
VA,Essex (County),13
VA,Fairfax,12
VA,Fairfax (County),12
VA,Falls Church,12
VA,Fauquier (County),11
VA,Floyd (County),11
VA,Fluvanna (County),10
VA,Franklin,9
VA,Franklin (County),8
VA,Frederick (County),11
VA,Fredericksburg,11
VA,Galax,9
VA,Giles (County),8
VA,Gloucester (County),8
VA,Goochland (County),7
VA,Grayson (County),8
VA,Greene (County),11
VA,Greensville (County),9
VA,Halifax (County),12
VA,Hampton,11
VA,Hanover (County),9
VA,Harrisonburg,7
VA,Henrico (County),10
VA,Henry (County),8
VA,Highland (County),13
VA,Hopewell,8
VA,Isle of Wight (County),12
VA,James City (County),10
VA,King George (County),15
VA,King William (County),11
VA,King and Queen (County),14
VA,Lancaster (County),12
VA,Lee (County),10
VA,Lexington,6
VA,Loudoun (County),10
VA,Louisa (County),12
VA,Lunenburg (County),11
VA,Lynchburg,7
VA,Madison (County),11
VA,Manassas,11
VA,Manassas Park,11
VA,Martinsville,8
VA,Mathews (County),11
VA,Mattaponi Indian Reservation,3
VA,Mecklenburg (County),9
VA,Middlesex (County),11
VA,Montgomery (County),10
VA,Nelson (County),12
VA,New Kent (County),12
VA,Newport News,12
VA,Norfolk,10
VA,Northampton (County),13
VA,Northumberland (County),12
VA,Norton,8
VA,Nottoway (County),10
VA,Orange (County),11
VA,Page (County),11
VA,Pamunkey Indian Reservation,3
VA,Patrick (County),9
VA,Petersburg,8
VA,Pittsylvania (County),11
VA,Poquoson,10
VA,Portsmouth,10
VA,Powhatan (County),9
VA,Prince Edward (County),9
VA,Prince George (County),9
VA,Prince William (County),12
VA,Pulaski (County),8
VA,Radford,7
VA,Rappahannock (County),13
VA,Richmond,11
VA,Richmond (County),10
VA,Roanoke,10
VA,Roanoke (County),10
VA,Rockbridge (County),9
VA,Rockingham (County),8
VA,Russell (County),11
VA,Salem,8
VA,Scott (County),11
VA,Shenandoah (County),13
VA,Smyth (County),9
VA,Southampton (County),8
VA,Spotsylvania (County),10
VA,Stafford (County),10
VA,Staunton,8
VA,Suffolk,9
VA,Surry (County),11
VA,Sussex (County),9
VA,Tazewell (County),14
VA,Virginia Beach,10
VA,Warren (County),12
VA,Washington (County),7
VA,Waynesboro,8
VA,Westmoreland (County),12
VA,Williamsburg,9
VA,Winchester,10
VA,Wise (County),10
VA,Wythe (County),7
VA,York (County),9
VI,St. Croix (Island) (County-equivalent),14
VI,St. John (Island) (County-equivalent),13
VI,St. Thomas (Island) (County-equivalent),13
VT,Addison (County),15
VT,Bennington (County),11
VT,Caledonia (County),15
VT,Chittenden (County),16
VT,Essex (County),16
VT,Franklin (County),15
VT,Grand Isle (County),10
VT,Lamoille (County),20
VT,Orange (County),17
VT,Orleans (County),17
VT,Rutland (County),11
VT,Washington (County),16
VT,Windham (County),11
VT,Windsor (County),13
WA,Adams (County),5
WA,Asotin (County),5
WA,Benton (County),9
WA,Chelan (County),40
WA,Clallam (County),15
WA,Clark (County),8
WA,Columbia (County),9
WA,Colville Indian Reservation,7
WA,Cowlitz (County),8
WA,Douglas (County),13
WA,Ferry (County),13
WA,Franklin (County),5
WA,Garfield (County),8
WA,Grant (County),8
WA,Grays Harbor (County),16
WA,Island (County),12
WA,Jefferson (County),14
WA,Kalispel Indian Reservation,1
WA,King (County),14
WA,Kitsap (County),7
WA,Kittitas (County),17
WA,Klickitat (County),13
WA,Lewis (County),15
WA,Lincoln (County),10
WA,Mason (County),15
WA,Okanogan (County),25
WA,Pacific (County),13
WA,Pend Oreille (County),10
WA,Pierce (County),11
WA,San Juan (County),7
WA,Sauk-Suiattle Indian Reservation,1
WA,Skagit (County),13
WA,Skamania (County),15
WA,Snohomish (County),18
WA,Spokane (County),13
WA,Spokane Indian Reservation,1
WA,Stevens (County),12
WA,Stillaguamish Indian Reservation,1
WA,Thurston (County),13
WA,Tulalip Indian Reservation,2
WA,Wahkiakum (County),16
WA,Walla Walla (County),9
WA,Whatcom (County),13
WA,Whitman (County),6
WA,Yakama Reservation,3
WA,Yakima (County),17
WI,Adams (County),9
WI,Ashland (County),8
WI,Bad River Indian Reservation,3
WI,Barron (County),6
WI,Bayfield (County),8
WI,Brown (County),4
WI,Buffalo (County),6
WI,Burnett (County),7
WI,Calumet (County),7
WI,Chippewa (County),7
WI,Clark (County),11
WI,Columbia (County),7
WI,Crawford (County),11
WI,Dane (County),10
WI,Dodge (County),7
WI,Door (County),4
WI,Douglas (County),7
WI,Dunn (County),6
WI,Eau Claire (County),4
WI,Florence (County),4
WI,Fond du Lac (County),6
WI,Forest (County),4
WI,Forest County Potawatomi Reservation and Trust Lands,2
WI,Grant (County),11
WI,Green (County),9
WI,Green Lake (County),6
WI,Ho-Chunk Reservation,2
WI,Iowa (County),9
WI,Iron (County),7
WI,Jackson (County),8
WI,Jefferson (County),7
WI,Juneau (County),9
WI,Kenosha (County),10
WI,Kewaunee (County),4
WI,La Crosse (County),11
WI,Lac Courte Oreilles Indian Reservation,2
WI,Lac du Flambeau Indian Reservation,2
WI,Lafayette (County),7
WI,Langlade (County),5
WI,Lincoln (County),4
WI,Manitowoc (County),5
WI,Marathon (County),7
WI,Marinette (County),5
WI,Marquette (County),6
WI,Menominee (County),4
WI,Menominee Indian Reservation,3
WI,Milwaukee (County),10
WI,Monroe (County),9
WI,Oconto (County),4
WI,Oneida (County),4
WI,Oneida Indian Reservation,2
WI,Outagamie (County),6
WI,Ozaukee (County),7
WI,Pepin (County),4
WI,Pierce (County),4
WI,Polk (County),6
WI,Portage (County),9
WI,Price (County),4
WI,Racine (County),10
WI,Red Cliff Indian Reservation,3
WI,Richland (County),10
WI,Rock (County),8
WI,Rusk (County),6
WI,Sauk (County),7
WI,Sawyer (County),5
WI,Shawano (County),6
WI,Sheboygan (County),6
WI,Sokaogon Chippewa Community (Indian Reservation),2
WI,St. Croix (County),6
WI,St. Croix Indian Reservation,3
WI,Statewide,1
WI,Stockbridge Indian Reservation,2
WI,Taylor (County),7
WI,Trempealeau (County),7
WI,Vernon (County),12
WI,Vilas (County),3
WI,Walworth (County),8
WI,Washburn (County),6
WI,Washington (County),7
WI,Waukesha (County),7
WI,Waupaca (County),7
WI,Waushara (County),6
WI,Winnebago (County),6
WI,Wood (County),9
WV,Barbour (County),11
WV,Berkeley (County),11
WV,Boone (County),19
WV,Braxton (County),15
WV,Brooke (County),11
WV,Cabell (County),19
WV,Calhoun (County),15
WV,Clay (County),18
WV,Doddridge (County),16
WV,Fayette (County),16
WV,Gilmer (County),15
WV,Grant (County),13
WV,Greenbrier (County),13
WV,Hampshire (County),9
WV,Hancock (County),10
WV,Hardy (County),12
WV,Harrison (County),14
WV,Jackson (County),16
WV,Jefferson (County),12
WV,Kanawha (County),20
WV,Lewis (County),17
WV,Lincoln (County),23
WV,Logan (County),23
WV,Marion (County),13
WV,Marshall (County),15
WV,Mason (County),13
WV,McDowell (County),18
WV,Mercer (County),16
WV,Mineral (County),9
WV,Mingo (County),22
WV,Monongalia (County),13
WV,Monroe (County),9
WV,Morgan (County),10
WV,Nicholas (County),15
WV,Ohio (County),12
WV,Pendleton (County),14
WV,Pleasants (County),10
WV,Pocahontas (County),13
WV,Preston (County),15
WV,Putnam (County),15
WV,Raleigh (County),17
WV,Randolph (County),12
WV,Ritchie (County),15
WV,Roane (County),18
WV,Summers (County),14
WV,Taylor (County),14
WV,Tucker (County),15
WV,Tyler (County),15
WV,Upshur (County),13
WV,Wayne (County),19
WV,Webster (County),15
WV,Wetzel (County),16
WV,Wirt (County),14
WV,Wood (County),10
WV,Wyoming (County),19
WY,Albany (County),10
WY,Big Horn (County),3
WY,Campbell (County),3
WY,Carbon (County),5
WY,Converse (County),4
WY,Crook (County),6
WY,Fremont (County),6
WY,Goshen (County),4
WY,Hot Springs (County),2
WY,Johnson (County),4
WY,Laramie (County),2
WY,Lincoln (County),4
WY,Natrona (County),5
WY,Niobrara (County),3
WY,Park (County),3
WY,Platte (County),7
WY,Sheridan (County),5
WY,Sublette (County),3
WY,Sweetwater (County),3
WY,Teton (County),5
WY,Uinta (County),4
WY,Washakie (County),4
WY,Weston (County),6
WY,Wind River Indian Reservation,4
